date,open,high,low,close,volume,HAopen,HAclose,HAhigh,HAlow,Rolling Mean,Upper Band,lower Band,HARollingMean,HAUpperBand,HAlowerBand
2023-10-10 09:20:00+05:30,1551.15,1554.0,1551.0,1552.0,86,,1552.04,1554.0,1551.0,,,,,,
2023-10-10 09:25:00+05:30,1552.0,1552.0,1545.75,1548.1,252,1551.58,1549.46,1552.0,1545.75,,,,,,
2023-10-10 09:30:00+05:30,1548.1,1551.0,1543.55,1546.0,476,1550.05,1547.16,1551.0,1543.55,,,,,,
2023-10-10 09:35:00+05:30,1546.0,1547.95,1537.1,1543.1,842,1547.05,1543.54,1547.95,1537.1,,,,,,
2023-10-10 09:40:00+05:30,1540.65,1540.65,1538.0,1538.0,112,1544.55,1539.32,1540.65,1538.0,,,,,,
2023-10-10 09:45:00+05:30,1538.0,1540.0,1538.0,1539.6,685,1539.32,1538.9,1540.0,1538.0,,,,,,
2023-10-10 09:50:00+05:30,1539.6,1539.9,1537.65,1539.4,52,1538.8,1539.14,1539.9,1537.65,,,,,,
2023-10-10 09:55:00+05:30,1539.4,1539.55,1536.35,1536.5,607,1539.5,1537.95,1539.55,1536.35,,,,,,
2023-10-10 10:00:00+05:30,1536.5,1539.0,1536.5,1538.3,313,1537.95,1537.58,1539.0,1536.5,,,,,,
2023-10-10 10:05:00+05:30,1538.3,1544.85,1537.4,1540.5,969,1537.4,1540.26,1544.85,1537.4,1542.15,1552.236404490975,1532.0635955090252,1542.535,1553.0024447693788,1532.0675552306213
2023-10-10 10:10:00+05:30,1539.6,1541.4,1537.1,1537.1,645,1539.4,1538.8,1541.4,1537.1,1540.66,1548.4112436278176,1532.9087563721826,1541.211,1549.4464812313006,1532.9755187686994
2023-10-10 10:15:00+05:30,1537.1,1541.75,1537.1,1541.75,2092,1538.35,1539.42,1541.75,1537.1,1540.025,1545.8744539156332,1534.175546084367,1540.2069999999999,1546.0828870725093,1534.3311129274905
2023-10-10 10:20:00+05:30,1543.75,1544.35,1540.0,1542.0,177,1539.42,1542.52,1544.35,1540.0,1539.625,1544.0263255579055,1535.2236744420945,1539.743,1543.5457130665698,1535.9402869334301
2023-10-10 10:25:00+05:30,1540.55,1542.0,1540.0,1541.85,77,1542.88,1541.1,1542.0,1540.0,1539.5,1543.5169087064012,1535.4830912935988,1539.499,1542.432734063536,1536.5652659364641
2023-10-10 10:30:00+05:30,1541.75,1543.15,1540.0,1543.15,212,1541.2,1542.01,1543.15,1540.0,1540.015,1544.4734626149486,1535.5565373850516,1539.768,1543.0956458144851,1536.440354185515
2023-10-10 10:35:00+05:30,1543.15,1545.5,1541.3,1545.5,258,1542.45,1543.86,1545.5,1541.3,1540.605,1546.2286504553936,1534.9813495446065,1540.264,1544.397636548017,1536.1303634519827
2023-10-10 10:40:00+05:30,1547.0,1547.0,1542.05,1545.8,326,1544.32,1545.46,1547.0,1542.05,1541.2450000000001,1547.6601643262923,1534.829835673708,1540.8960000000002,1546.0679946721632,1535.7240053278372
2023-10-10 10:45:00+05:30,1547.4,1548.3,1546.0,1546.25,45,1546.4,1546.99,1548.3,1546.0,1542.22,1548.38895453055,1536.05104546945,1541.8,1547.7804199035031,1535.8195800964968
2023-10-10 10:50:00+05:30,1546.25,1548.4,1545.75,1545.75,26,1546.82,1546.54,1548.4,1545.75,1542.965,1548.821439950079,1537.108560049921,1542.696,1548.549896707891,1536.8421032921087
2023-10-10 10:55:00+05:30,1545.75,1545.75,1540.7,1540.7,847,1546.0,1543.22,1545.75,1540.7,1542.9850000000001,1548.8052806346996,1537.1647193653007,1542.992,1548.5922999919642,1537.3917000080357
2023-10-10 11:00:00+05:30,1540.7,1542.7,1540.55,1540.65,19,1543.22,1541.15,1542.7,1540.55,1543.34,1547.8506786875382,1538.8293213124616,1543.227,1548.2085396995078,1538.2454603004924
2023-10-10 11:05:00+05:30,1541.45,1542.65,1539.6,1539.6,70,1540.68,1540.83,1542.65,1539.6,1543.125,1548.1483344392823,1538.1016655607177,1543.368,1547.9330342581159,1538.802965741884
2023-10-10 11:10:00+05:30,1539.6,1540.0,1539.6,1540.0,94,1540.52,1539.8,1540.0,1539.6,1542.925,1548.294719628517,1537.555280371483,1543.096,1548.1802082307206,1538.0117917692794
2023-10-10 11:15:00+05:30,1540.0,1546.2,1540.0,1546.2,124,1539.8,1543.1,1546.2,1540.0,1543.3600000000001,1549.0385757212714,1537.6814242787289,1543.2959999999998,1548.184837171443,1538.4071628285567
2023-10-10 11:20:00+05:30,1546.2,1547.45,1543.75,1547.45,86,1543.1,1546.21,1547.45,1543.75,1543.79,1550.0221389229978,1537.5578610770021,1543.716,1548.8302606721027,1538.6017393278971
2023-10-10 11:25:00+05:30,1547.45,1551.0,1546.15,1551.0,127,1546.82,1548.9,1551.0,1546.15,1544.34,1552.040620465621,1536.6393795343788,1544.22,1550.299590629493,1538.140409370507
2023-10-10 11:30:00+05:30,1551.0,1551.0,1546.2,1547.3,487,1549.22,1548.88,1551.0,1546.2,1544.49,1552.373287526293,1536.606712473707,1544.562,1551.3006632370389,1537.823336762961
2023-10-10 11:35:00+05:30,1547.3,1547.85,1545.35,1547.85,30,1549.15,1547.09,1547.85,1545.35,1544.65,1552.7539085220233,1536.546091477977,1544.572,1551.3269540667898,1537.81704593321
2023-10-10 11:40:00+05:30,1547.85,1548.45,1545.5,1548.05,257,1547.57,1547.46,1548.45,1545.5,1544.8799999999999,1553.248884168287,1536.5111158317127,1544.6640000000002,1551.5616337327458,1537.7663662672546
2023-10-10 11:45:00+05:30,1548.05,1548.05,1545.25,1547.4,25,1547.95,1547.19,1548.05,1545.25,1545.55,1553.4935508432932,1537.6064491567067,1545.0610000000001,1552.04569724151,1538.0763027584903
2023-10-10 11:50:00+05:30,1547.4,1547.4,1545.6,1547.4,20,1547.72,1546.95,1547.4,1545.6,1546.225,1553.4309003601202,1539.0190996398796,1545.641,1552.127803355874,1539.1541966441262
2023-10-10 11:55:00+05:30,1547.4,1547.4,1545.8,1547.4,14,1547.4,1547.0,1547.4,1545.8,1547.0049999999999,1552.5120560798528,1541.497943920147,1546.258,1551.818621867701,1540.697378132299
2023-10-10 12:00:00+05:30,1546.5,1547.4,1545.0,1546.6,242,1547.4,1546.38,1547.4,1545.0,1547.665,1550.2448578772178,1545.0851421227821,1546.9160000000002,1550.15126677588,1543.6807332241203
2023-10-10 12:05:00+05:30,1546.6,1548.3,1545.0,1547.85,177,1546.55,1546.94,1548.3,1545.0,1547.8300000000002,1550.195586608006,1545.4644133919944,1547.3,1549.12754236917,1545.47245763083
2023-10-10 12:10:00+05:30,1547.85,1548.75,1545.65,1546.65,36,1547.22,1547.22,1548.75,1545.65,1547.75,1550.224312474648,1545.275687525352,1547.401,1549.0651434233066,1545.7368565766935
2023-10-10 12:15:00+05:30,1546.65,1549.35,1546.65,1549.35,56,1547.25,1548.0,1549.35,1546.65,1547.585,1549.1485074529828,1546.0214925470173,1547.3110000000001,1548.6872896981865,1545.9347103018138
2023-10-10 12:20:00+05:30,1549.35,1549.85,1546.05,1548.65,355,1548.0,1548.48,1549.85,1546.05,1547.72,1549.402722661502,1546.0372773384981,1547.2710000000002,1548.4543455398436,1546.0876544601567
2023-10-10 12:25:00+05:30,1548.65,1549.1,1546.65,1549.0,434,1549.0,1548.35,1549.1,1546.65,1547.835,1549.7040758262897,1545.9659241737104,1547.3970000000002,1548.750745421661,1546.0432545783394
2023-10-10 12:30:00+05:30,1549.0,1549.0,1545.15,1548.05,40,1548.82,1547.8,1549.0,1545.15,1547.835,1549.7040758262897,1545.9659241737104,1547.431,1548.8086453341364,1546.0533546658637
2023-10-10 12:35:00+05:30,1548.05,1548.15,1545.9,1545.9,168,1548.52,1547.0,1548.15,1545.9,1547.685,1549.9151220693989,1545.454877930601,1547.4119999999998,1548.8095152553333,1546.0144847446663
2023-10-10 12:40:00+05:30,1545.9,1549.0,1545.9,1549.0,21,1546.98,1547.45,1549.0,1545.9,1547.845,1550.2097644937894,1545.4802355062106,1547.462,1548.8213070129873,1546.1026929870127
2023-10-10 12:45:00+05:30,1549.0,1549.0,1545.95,1547.9,97,1547.45,1547.96,1549.0,1545.95,1547.895,1550.2389994311663,1545.5510005688336,1547.558,1548.9078576056593,1546.2081423943407
2023-10-10 12:50:00+05:30,1547.9,1547.95,1546.0,1547.95,26,1548.45,1547.45,1547.95,1546.0,1548.03,1550.190864024715,1545.869135975285,1547.665,1548.7418782041939,1546.588121795806
2023-10-10 12:55:00+05:30,1546.35,1547.9,1545.0,1546.8,248,1547.93,1546.51,1547.9,1545.0,1547.925,1550.2224623682027,1545.6275376317972,1547.622,1548.8511207336055,1546.3928792663946
2023-10-10 13:00:00+05:30,1546.8,1547.95,1545.95,1547.45,343,1546.57,1547.04,1547.95,1545.95,1548.0049999999999,1550.1562012148195,1545.8537987851803,1547.6039999999998,1548.8641657739277,1546.343834226072
2023-10-10 13:05:00+05:30,1547.45,1548.0,1545.9,1547.9,27,1547.12,1547.31,1548.0,1545.9,1547.8600000000001,1549.7926435551046,1545.9273564448956,1547.5349999999999,1548.7741843195338,1546.295815680466
2023-10-10 13:10:00+05:30,1547.9,1548.0,1546.3,1547.6,133,1547.68,1547.45,1548.0,1546.3,1547.7549999999999,1549.6093941807915,1545.9006058192083,1547.432,1548.478297174697,1546.385702825303
2023-10-10 13:15:00+05:30,1547.6,1547.9,1546.15,1547.9,11,1547.75,1547.39,1547.9,1546.15,1547.645,1549.2898235298721,1546.0001764701278,1547.336,1548.1606319044147,1546.5113680955853
2023-10-10 13:20:00+05:30,1547.9,1547.95,1546.65,1547.95,18,1547.75,1547.61,1547.95,1546.65,1547.635,1549.2700671070086,1545.9999328929914,1547.317,1548.1019161314014,1546.5320838685986
2023-10-10 13:25:00+05:30,1547.95,1548.0,1545.0,1547.9,232,1547.93,1547.21,1548.0,1545.0,1547.8350000000003,1548.925412765872,1546.7445872341286,1547.3380000000002,1548.0959973614738,1546.5800026385266
2023-10-10 13:30:00+05:30,1547.9,1547.95,1546.4,1547.0,23,1547.93,1547.31,1547.95,1546.4,1547.6350000000002,1548.482283240048,1546.7877167599524,1547.324,1548.0779643375008,1546.5700356624993
2023-10-10 13:35:00+05:30,1545.85,1547.0,1545.8,1547.0,33,1547.45,1546.41,1547.0,1545.8,1547.545,1548.4559823757168,1546.6340176242834,1547.169,1547.977205144475,1546.3607948555252
2023-10-10 13:40:00+05:30,1547.0,1547.0,1545.3,1545.8,41,1546.42,1546.28,1547.0,1545.3,1547.3300000000002,1548.7101771222813,1545.949822877719,1547.0520000000001,1548.0051608235526,1546.0988391764477
2023-10-10 13:45:00+05:30,1545.8,1546.9,1545.0,1546.0,141,1546.4,1545.92,1546.9,1545.0,1547.25,1548.8430404193734,1545.6569595806266,1546.993,1548.1471249691622,1545.8388750308377
2023-10-10 13:50:00+05:30,1545.05,1546.0,1544.95,1546.0,126,1545.9,1545.5,1546.0,1544.95,1547.105,1548.8716352198405,1545.3383647801595,1546.8390000000002,1548.3277265251436,1545.3502734748567
2023-10-10 13:55:00+05:30,1546.0,1546.0,1545.15,1546.0,22,1545.52,1545.79,1546.0,1545.15,1546.915,1548.710085884663,1545.119914115337,1546.6870000000001,1548.269432726321,1545.1045672736793
2023-10-10 14:00:00+05:30,1546.0,1546.0,1545.3,1546.0,80,1546.0,1545.82,1546.0,1545.3,1546.755,1548.5638977613717,1544.9461022386286,1546.524,1548.0928693735004,1544.9551306264993
2023-10-10 14:05:00+05:30,1546.0,1546.0,1545.0,1546.0,100,1546.0,1545.75,1546.0,1545.0,1546.565,1548.2330327734549,1544.8969672265453,1546.36,1547.8682292781775,1544.8517707218223
2023-10-10 14:10:00+05:30,1546.0,1547.0,1545.5,1546.95,113,1546.0,1546.36,1547.0,1545.5,1546.4650000000001,1547.8618615615762,1545.068138438424,1546.2350000000001,1547.464173163823,1545.0058268361772
2023-10-10 14:15:00+05:30,1546.95,1547.0,1545.75,1547.0,34,1546.48,1546.68,1547.0,1545.75,1546.375,1547.4367072205696,1545.3132927794304,1546.182,1547.2608388820065,1545.1031611179935
2023-10-10 14:20:00+05:30,1547.0,1547.0,1546.0,1546.95,45,1546.98,1546.74,1547.0,1546.0,1546.37,1547.4190207073416,1545.3209792926582,1546.125,1546.974901955127,1545.275098044873
2023-10-10 14:25:00+05:30,1546.95,1546.95,1546.0,1546.95,48,1546.98,1546.71,1546.95,1546.0,1546.3650000000002,1547.401071640589,1545.3289283594115,1546.155,1547.0684184875122,1545.2415815124878
2023-10-10 14:30:00+05:30,1546.95,1550.0,1546.25,1550.0,676,1546.95,1548.3,1550.0,1546.25,1546.785,1549.2385914719234,1544.3314085280767,1546.357,1547.997407808374,1544.716592191626
2023-10-10 14:35:00+05:30,1550.0,1550.0,1548.55,1549.75,44,1548.48,1549.58,1550.0,1548.55,1547.16,1550.1647370008748,1544.1552629991254,1546.723,1549.2973875215494,1544.1486124784506
2023-10-10 14:40:00+05:30,1549.75,1549.85,1547.0,1547.0,190,1549.88,1548.4,1549.85,1547.0,1547.26,1550.1578152690108,1544.3621847309892,1547.013,1549.6281192876975,1544.3978807123024
2023-10-10 14:45:00+05:30,1547.0,1548.45,1547.0,1548.45,6,1548.38,1547.72,1548.45,1547.0,1547.5049999999999,1550.3430157387354,1544.6669842612644,1547.206,1549.7021338995423,1544.7098661004575
2023-10-10 14:50:00+05:30,1548.45,1549.8,1547.1,1547.1,337,1547.72,1548.11,1549.8,1547.1,1547.615,1550.273341170308,1544.956658829692,1547.435,1549.7817092799162,1545.0882907200837
2023-10-10 14:55:00+05:30,1547.1,1549.8,1545.0,1545.0,1737,1547.78,1546.72,1549.8,1545.0,1547.5149999999999,1550.4986778199582,1544.5313221800416,1547.532,1549.636889545796,1545.4271104542038
2023-10-10 15:00:00+05:30,1545.0,1546.8,1544.9,1546.7,122,1546.05,1545.85,1546.8,1544.9,1547.4900000000002,1550.4988019025632,1544.4811980974373,1547.481,1549.7317569097233,1545.2302430902766
2023-10-10 15:05:00+05:30,1546.7,1549.0,1546.7,1549.0,172,1545.85,1547.85,1549.0,1546.7,1547.69,1550.817583376627,1544.562416623373,1547.598,1549.784418685126,1545.411581314874
2023-10-10 15:10:00+05:30,1549.0,1549.0,1545.6,1545.8,64,1547.85,1547.35,1549.0,1545.6,1547.575,1550.9017434860837,1544.2482565139164,1547.659,1549.7718274894091,1545.546172510591
2023-10-10 15:15:00+05:30,1547.9,1547.9,1545.5,1546.6,256,1547.4,1546.98,1547.9,1545.5,1547.54,1550.903133459535,1544.176866540465,1547.6860000000001,1549.75129416791,1545.6207058320904
2023-10-10 15:20:00+05:30,1546.6,1551.0,1546.05,1551.0,1064,1547.25,1548.66,1551.0,1546.05,1547.6399999999999,1551.3679127314504,1543.9120872685494,1547.722,1549.8465611311522,1545.5974388688478
2023-10-10 15:25:00+05:30,1551.0,1553.0,1545.0,1553.0,791,1548.8,1550.5,1553.0,1545.0,1547.965,1552.8861674315006,1543.0438325684993,1547.8139999999999,1550.3382327767292,1545.2897672232705
2023-10-11 09:15:00+05:30,1552.15,1557.0,1551.05,1554.05,140,1552.0,1553.56,1557.0,1551.05,1548.6699999999998,1554.8385942933153,1542.5014057066844,1548.33,1552.7695695487046,1543.8904304512953
2023-10-11 09:20:00+05:30,1554.05,1557.0,1554.05,1554.1,56,1553.1,1554.8,1557.0,1554.05,1549.2350000000001,1556.2859337443087,1542.1840662556915,1549.038,1555.0314467916598,1543.0445532083402
2023-10-11 09:25:00+05:30,1554.1,1555.35,1552.3,1552.35,152,1554.07,1553.52,1555.35,1552.3,1549.76,1556.8858215900548,1542.6341784099452,1549.579,1556.1490833750854,1543.0089166249145
2023-10-11 09:30:00+05:30,1555.15,1555.4,1552.3,1555.3,186,1553.22,1554.54,1555.4,1552.3,1550.79,1557.835061311929,1543.744938688071,1550.361,1557.271407288208,1543.4505927117923
2023-10-11 09:35:00+05:30,1555.3,1555.35,1552.45,1555.25,18,1555.22,1554.59,1555.35,1552.45,1551.645,1558.5580231367203,1544.7319768632797,1551.2350000000001,1557.812485166167,1544.6575148338331
2023-10-11 09:40:00+05:30,1555.25,1555.3,1552.4,1555.05,58,1555.28,1554.5,1555.3,1552.4,1552.25,1559.1931020924803,1545.3068979075197,1551.9,1558.298687365393,1545.501312634607
2023-10-11 09:45:00+05:30,1555.05,1555.05,1552.0,1552.0,32,1555.15,1553.52,1555.05,1552.0,1552.8700000000001,1558.1649032096852,1547.575096790315,1552.5169999999998,1558.1041761899749,1546.9298238100248
2023-10-11 09:50:00+05:30,1552.0,1556.8,1552.0,1556.8,193,1553.52,1554.4,1556.8,1552.0,1553.8899999999999,1557.468267737317,1550.3117322626827,1553.259,1557.3479493353084,1549.1700506646916
2023-10-11 09:55:00+05:30,1556.8,1561.1,1555.05,1561.0,287,1554.4,1558.49,1561.1,1555.05,1554.8899999999999,1560.097217213736,1549.6827827862637,1554.242,1558.1389252836982,1550.3450747163017
2023-10-11 10:00:00+05:30,1561.0,1561.1,1558.8,1561.1,127,1558.9,1560.5,1561.1,1558.8,1555.7,1562.0048482226796,1549.3951517773205,1555.242,1559.9242862411977,1550.5597137588022
2023-10-11 10:05:00+05:30,1561.25,1561.65,1558.3,1561.65,67,1561.05,1560.71,1561.65,1558.3,1556.46,1563.6508583941247,1549.2691416058753,1555.9569999999999,1561.5857440872783,1550.3282559127215
2023-10-11 10:10:00+05:30,1561.65,1562.3,1557.0,1557.0,104,1561.45,1559.49,1562.3,1557.0,1556.75,1563.749206304203,1549.750793695797,1556.426,1562.3974148705,1550.4545851295
2023-10-11 10:15:00+05:30,1555.2,1558.45,1555.2,1558.45,56,1559.32,1556.82,1558.45,1555.2,1557.36,1563.6857498457505,1551.0342501542493,1556.756,1562.367553161912,1551.1444468380882
2023-10-11 10:20:00+05:30,1558.45,1559.15,1557.3,1559.15,98,1556.82,1558.51,1559.15,1557.3,1557.7450000000001,1563.981532156033,1551.5084678439673,1557.1529999999998,1562.6278398251625,1551.678160174837
2023-10-11 10:25:00+05:30,1559.15,1559.55,1557.5,1559.55,222,1558.8,1558.94,1559.55,1557.5,1558.175,1564.237498568147,1552.112501431853,1557.588,1562.8446723737097,1552.3313276262902
2023-10-11 10:30:00+05:30,1559.55,1559.9,1559.55,1559.9,15,1559.35,1559.72,1559.9,1559.55,1558.66,1564.377575243629,1552.942424756371,1558.1100000000001,1563.0297199559047,1553.1902800440955
2023-10-11 10:35:00+05:30,1558.1,1560.0,1558.1,1559.55,63,1559.72,1558.94,1560.0,1558.1,1559.415,1562.7006759831966,1556.1293240168034,1558.652,1562.3722962845088,1554.9317037154913
2023-10-11 10:40:00+05:30,1560.0,1560.0,1557.4,1559.0,103,1558.82,1559.1,1560.0,1557.4,1559.635,1562.395052334427,1556.874947665573,1559.1219999999998,1561.3384596394749,1556.9055403605248
2023-10-11 10:45:00+05:30,1559.0,1559.0,1557.05,1558.6,12,1559.5,1558.41,1559.0,1557.05,1559.395,1562.0426194758268,1556.7473805241732,1559.114,1561.3411496482374,1556.8868503517626
2023-10-11 10:50:00+05:30,1558.6,1558.75,1557.0,1558.75,44,1558.8,1558.28,1558.75,1557.0,1559.1599999999999,1561.538514942821,1556.7814850571788,1558.892,1560.9405398594226,1556.8434601405775
2023-10-11 10:55:00+05:30,1558.8,1564.5,1556.6,1563.15,1573,1558.68,1560.76,1564.5,1556.6,1559.31,1562.4528225106142,1556.1671774893857,1558.8970000000002,1560.965408943039,1556.8285910569614
2023-10-11 11:00:00+05:30,1563.15,1564.75,1563.15,1564.75,39,1560.98,1563.95,1564.75,1563.15,1560.085,1564.326344126558,1555.843655873442,1559.3429999999998,1563.1621453377948,1555.523854662205
2023-10-11 11:05:00+05:30,1564.75,1567.6,1564.75,1566.5,210,1563.95,1565.9,1567.6,1564.75,1560.89,1566.5654441823133,1555.214555817687,1560.251,1565.4664594982487,1555.0355405017513
2023-10-11 11:10:00+05:30,1566.5,1567.95,1564.5,1566.8,23,1565.62,1566.44,1567.95,1564.5,1561.655,1568.2722249974254,1555.0377750025746,1561.0439999999999,1567.3751027651049,1554.7128972348949
2023-10-11 11:15:00+05:30,1564.8,1568.45,1556.5,1559.95,1656,1566.65,1562.42,1568.45,1556.5,1561.6950000000002,1568.2603044272225,1555.1296955727778,1561.392,1567.5902778970444,1555.1937221029557
2023-10-11 11:20:00+05:30,1559.95,1566.45,1555.0,1562.75,1185,1562.38,1561.04,1566.45,1555.0,1561.98,1568.4456700262829,1555.5143299737172,1561.524,1567.6193913373675,1555.4286086626323
2023-10-11 11:25:00+05:30,1562.75,1566.4,1562.75,1566.3,27,1561.35,1564.55,1566.4,1562.75,1562.655,1569.396653275627,1555.913346724373,1562.085,1568.1560039440765,1556.0139960559236
2023-10-11 11:30:00+05:30,1566.3,1566.3,1562.95,1566.0,10,1564.52,1565.39,1566.3,1562.95,1563.355,1569.8594343848292,1556.8505656151708,1562.7140000000002,1568.7134384922533,1556.714561507747
2023-10-11 11:35:00+05:30,1566.0,1566.4,1563.0,1565.95,31,1566.15,1565.34,1566.4,1563.0,1564.0900000000001,1569.8215501102711,1558.3584498897292,1563.407,1568.7633590453154,1558.0506409546845
2023-10-11 11:40:00+05:30,1565.95,1565.95,1562.7,1565.0,48,1565.98,1564.9,1565.95,1562.7,1564.7150000000001,1569.05193440115,1560.3780655988503,1564.069,1568.0753444130116,1560.0626555869883
2023-10-11 11:45:00+05:30,1566.0,1566.0,1563.15,1565.0,149,1565.48,1565.04,1566.0,1563.15,1564.9,1569.0957650606679,1560.7042349393323,1564.4969999999998,1567.7816992082994,1561.2123007917003
2023-10-11 11:50:00+05:30,1565.0,1568.65,1565.0,1568.65,193,1565.5,1566.82,1568.65,1565.0,1565.29,1570.1033610340717,1560.4766389659283,1564.784,1568.3460992562293,1561.221900743771
2023-10-11 11:55:00+05:30,1562.5,1565.8,1560.95,1565.0,1104,1566.82,1563.56,1565.8,1560.95,1565.1399999999999,1569.8786824235208,1560.401317576479,1564.55,1568.0936578716387,1561.0063421283612
2023-10-11 12:00:00+05:30,1565.0,1565.0,1560.55,1560.55,89,1563.75,1562.78,1565.0,1560.55,1564.5149999999999,1569.8869539172229,1559.143046082777,1564.184,1567.6142989827747,1560.7537010172252
2023-10-11 12:05:00+05:30,1565.15,1569.65,1563.75,1569.35,1136,1562.78,1566.98,1569.65,1563.75,1565.455,1570.559779895123,1560.3502201048768,1564.64,1568.236430328983,1561.0435696710172
2023-10-11 12:10:00+05:30,1570.8,1570.9,1567.55,1570.8,43,1567.25,1570.01,1570.9,1567.55,1566.2599999999998,1571.971742291094,1560.5482577089056,1565.5369999999998,1569.5885023276842,1561.4854976723154
2023-10-11 12:15:00+05:30,1570.8,1570.8,1567.85,1570.7,27,1570.8,1570.04,1570.8,1567.85,1566.7,1573.0658812779,1560.3341187221001,1566.086,1570.9495533420777,1561.2224466579223
2023-10-11 12:20:00+05:30,1568.05,1570.8,1568.05,1570.0,71,1570.75,1569.22,1570.8,1568.05,1567.1,1573.7659999666537,1560.4340000333461,1566.4689999999998,1571.6797789991424,1561.2582210008572
2023-10-11 12:25:00+05:30,1570.0,1570.4,1567.75,1569.55,241,1569.02,1569.42,1570.4,1567.75,1567.4599999999998,1574.2378724947748,1560.6821275052248,1566.877,1572.3282632582955,1561.4257367417044
2023-10-11 12:30:00+05:30,1567.75,1569.6,1556.35,1562.65,1194,1569.78,1564.09,1569.6,1556.35,1567.225,1574.5248097387598,1559.92519026124,1566.7959999999998,1572.3997622282927,1561.192237771707
2023-10-11 12:35:00+05:30,1562.6,1564.3,1562.6,1562.8,200,1565.2,1563.08,1564.3,1562.6,1567.0049999999999,1574.723441120667,1559.2865588793327,1566.6,1572.5998444424386,1560.6001555575613
2023-10-11 12:40:00+05:30,1562.8,1565.0,1562.4,1562.4,142,1562.7,1563.15,1565.0,1562.4,1566.3799999999999,1574.507757651672,1558.2522423483279,1566.233,1572.6101470458639,1559.855852954136
2023-10-11 12:45:00+05:30,1564.95,1564.95,1564.9,1564.9,16,1562.6,1564.93,1564.95,1564.9,1566.3700000000001,1574.5055461470624,1558.2344538529378,1566.37,1572.5476730606736,1560.1923269393262
2023-10-11 12:50:00+05:30,1564.9,1564.95,1562.4,1562.4,49,1564.93,1563.66,1564.95,1562.4,1566.555,1574.1698174268538,1558.9401825731463,1566.458,1572.43003706174,1560.4859629382602
2023-10-11 12:55:00+05:30,1562.4,1564.95,1562.4,1564.85,21,1563.65,1563.65,1564.95,1562.4,1566.105,1573.5148208105402,1558.6951791894599,1566.125,1572.3343209505383,1559.9156790494617
2023-10-11 13:00:00+05:30,1564.85,1564.85,1562.1,1563.95,61,1563.62,1563.94,1564.85,1562.1,1565.4199999999998,1572.1346936721625,1558.7053063278372,1565.518,1571.2041140802362,1559.8318859197639
2023-10-11 13:05:00+05:30,1563.95,1563.95,1561.6,1563.85,26,1564.4,1563.34,1563.95,1561.6,1564.7350000000001,1570.365877176573,1559.1041228234274,1564.848,1569.6808946927524,1560.0151053072475
2023-10-11 13:10:00+05:30,1563.85,1564.95,1562.5,1564.75,58,1563.9,1564.01,1564.95,1562.5,1564.21,1568.4716637335255,1559.9483362664746,1564.327,1568.0642842189825,1560.5897157810175
2023-10-11 13:15:00+05:30,1564.75,1564.85,1562.3,1564.85,6,1564.3,1564.19,1564.85,1562.3,1563.74,1565.9052816085473,1561.5747183914527,1563.804,1564.9138027853376,1562.6941972146626
2023-10-11 13:20:00+05:30,1562.1,1564.8,1561.7,1564.65,75,1564.8,1563.31,1564.8,1561.7,1563.94,1566.0258251764076,1561.8541748235925,1563.726,1564.8559242846356,1562.5960757153646
2023-10-11 13:25:00+05:30,1564.65,1564.7,1561.95,1564.55,32,1563.38,1563.96,1564.7,1561.95,1564.115,1566.0649572644554,1562.1650427355446,1563.814,1564.8537948516193,1562.7742051483808
2023-10-11 13:30:00+05:30,1564.55,1564.55,1562.05,1564.45,13,1564.6,1563.9,1564.55,1562.05,1564.3200000000002,1565.8556504231408,1562.7843495768595,1563.8890000000001,1564.8182505941822,1562.959749405818
2023-10-11 13:35:00+05:30,1564.0,1564.65,1564.0,1564.65,6,1564.5,1564.32,1564.65,1564.0,1564.2949999999998,1565.7964437495966,1562.793556250403,1563.828,1564.4972483346664,1563.1587516653335
2023-10-11 13:40:00+05:30,1564.65,1564.65,1562.55,1564.55,27,1564.32,1564.1,1564.65,1562.55,1564.51,1565.204102137764,1563.815897862236,1563.872,1564.5499577175515,1563.1940422824487
2023-10-11 13:45:00+05:30,1564.55,1565.9,1562.65,1565.9,150,1564.6,1564.75,1565.9,1562.65,1564.615,1565.7286027617524,1563.5013972382476,1563.982,1564.8343848896604,1563.1296151103395
2023-10-11 13:50:00+05:30,1565.5,1574.0,1565.5,1574.0,870,1565.22,1569.75,1574.0,1565.5,1565.6200000000001,1571.594984890719,1559.6450151092813,1564.563,1568.3062730775964,1560.8197269224038
2023-10-11 13:55:00+05:30,1574.0,1574.45,1566.8,1570.05,525,1569.75,1571.32,1574.45,1566.8,1566.24,1572.6682017530297,1559.8117982469703,1565.361,1570.911595163295,1559.8104048367052
2023-10-11 14:00:00+05:30,1570.05,1570.05,1561.0,1564.9,2420,1572.02,1566.5,1570.05,1561.0,1566.2549999999999,1572.668432085162,1559.8415679148377,1565.6100000000001,1571.114446687312,1560.1055533126882
2023-10-11 14:05:00+05:30,1564.9,1564.9,1564.0,1564.6,15,1567.48,1564.6,1564.9,1564.0,1566.23,1572.6696687285303,1559.7903312714698,1565.651,1571.1143929222005,1560.1876070777996
2023-10-11 14:10:00+05:30,1561.5,1561.55,1561.5,1561.55,3,1564.75,1561.52,1561.55,1561.5,1565.92,1572.9674897027942,1558.872510297206,1565.472,1571.3758202321428,1559.5681797678571
2023-10-11 14:15:00+05:30,1561.55,1564.75,1561.55,1564.75,95,1561.52,1563.15,1564.75,1561.55,1565.94,1572.9713267279676,1558.9086732720325,1565.391,1571.408156582096,1559.3738434179043
2023-10-11 14:20:00+05:30,1564.75,1564.75,1561.85,1564.35,15,1563.15,1563.93,1564.75,1561.85,1565.9299999999998,1572.971022652987,1558.8889773470128,1565.3939999999998,1571.4078817192772,1559.3801182807224
2023-10-11 14:25:00+05:30,1561.95,1564.5,1560.75,1560.75,61,1564.55,1561.99,1564.5,1560.75,1565.54,1573.2922469860814,1557.7877530139185,1565.161,1571.5298858261701,1558.79211417383
2023-10-11 14:30:00+05:30,1564.15,1564.15,1560.75,1564.0,28,1561.35,1563.26,1564.15,1560.75,1565.485,1573.2761702159053,1557.6938297840945,1565.077,1571.5296862623347,1558.6243137376653
2023-10-11 14:35:00+05:30,1564.0,1564.0,1560.95,1561.0,12,1564.08,1562.49,1564.0,1560.95,1564.995,1573.2713988411417,1556.718601158858,1564.851,1571.5096114668743,1558.192388533126
2023-10-11 14:40:00+05:30,1563.65,1563.65,1560.0,1560.0,55,1562.5,1561.82,1563.65,1560.0,1563.5949999999998,1569.4972500417575,1557.692749958242,1564.058,1569.970576426577,1558.145423573423
2023-10-11 14:45:00+05:30,1560.0,1560.0,1556.65,1556.65,91,1561.82,1558.32,1560.0,1556.65,1562.255,1567.7115862343783,1556.798413765622,1562.758,1567.0756516250922,1558.440348374908
2023-10-11 14:50:00+05:30,1556.5,1556.9,1555.15,1556.9,61,1558.32,1556.36,1556.9,1555.15,1561.4550000000002,1567.5019367819016,1555.4080632180987,1561.744,1566.8471423870317,1556.6408576129681
2023-10-11 14:55:00+05:30,1556.9,1556.9,1556.9,1556.9,36,1556.7,1556.9,1556.9,1556.9,1560.685,1566.9104049399643,1554.4595950600356,1560.974,1566.4703923521688,1555.477607647831
2023-10-11 15:00:00+05:30,1557.9,1559.6,1555.5,1559.35,154,1556.9,1558.09,1559.6,1555.5,1560.465,1566.7100068943898,1554.21999310561,1560.631,1566.3974196478964,1554.8645803521038
2023-10-11 15:05:00+05:30,1559.35,1560.9,1557.5,1559.3,294,1558.62,1559.26,1560.9,1557.5,1559.9199999999998,1565.4084120350544,1554.4315879649453,1560.2419999999997,1565.7732108379103,1554.7107891620892
2023-10-11 15:10:00+05:30,1560.0,1560.75,1558.2,1560.15,115,1559.32,1559.78,1560.75,1558.2,1559.5,1564.0431266766252,1554.9568733233748,1559.8269999999998,1564.7135807177606,1554.940419282239
2023-10-11 15:15:00+05:30,1560.6,1561.4,1558.0,1559.45,525,1560.08,1559.86,1561.4,1558.0,1559.3700000000001,1563.8277522985716,1554.9122477014287,1559.614,1564.2613811024264,1554.9666188975737
2023-10-11 15:20:00+05:30,1559.45,1559.45,1555.3,1555.3,406,1560.02,1557.38,1559.45,1555.3,1558.5,1562.2871126497748,1554.7128873502252,1559.026,1563.0721691072567,1554.9798308927434
2023-10-11 15:25:00+05:30,1557.0,1557.0,1555.0,1555.0,659,1557.38,1556.0,1557.0,1555.0,1557.9,1561.8254157599865,1553.9745842400137,1558.377,1562.0151442155861,1554.7388557844138
2023-10-12 09:15:00+05:30,1564.8,1567.95,1563.6,1563.6,206,1556.0,1564.99,1567.95,1563.6,1558.26,1563.4861734461028,1553.0338265538971,1558.694,1563.886038349463,1553.501961650537
2023-10-12 09:20:00+05:30,1563.6,1563.85,1560.1,1560.75,223,1564.2,1562.07,1563.85,1560.1,1558.6699999999998,1563.9774789997882,1553.3625210002115,1559.069,1564.6668206076677,1553.4711793923323
2023-10-12 09:25:00+05:30,1560.75,1562.2,1558.15,1559.0,145,1562.18,1560.02,1562.2,1558.15,1558.8799999999999,1564.0403617444124,1553.7196382555874,1559.435,1564.715204120641,1554.154795879359
2023-10-12 09:30:00+05:30,1559.0,1560.0,1558.45,1558.45,13,1559.88,1558.98,1560.0,1558.45,1559.035,1564.0212143288468,1554.0487856711534,1559.643,1564.6354124651618,1554.6505875348382
2023-10-12 09:35:00+05:30,1558.45,1561.25,1558.15,1560.1,136,1558.72,1559.49,1561.25,1558.15,1559.1100000000001,1564.1396454480607,1554.0803545519395,1559.783,1564.6590188678963,1554.9069811321035
2023-10-12 09:40:00+05:30,1560.1,1560.35,1556.0,1556.1,71,1559.28,1558.14,1560.35,1556.0,1558.79,1564.1614885170454,1553.4185114829545,1559.6709999999998,1564.6507585840714,1554.6912414159283
2023-10-12 09:45:00+05:30,1556.0,1558.45,1554.7,1556.4,200,1558.1,1556.39,1558.45,1554.7,1558.4150000000002,1563.887161872187,1552.9428381278133,1559.3319999999999,1564.7233247186844,1553.9406752813154
2023-10-12 09:50:00+05:30,1556.4,1556.7,1554.8,1554.8,58,1556.2,1555.68,1556.7,1554.8,1557.95,1563.8079480669785,1552.0920519330216,1558.914,1564.7529664230033,1553.0750335769967
2023-10-12 09:55:00+05:30,1554.8,1555.4,1551.5,1555.4,382,1555.6,1554.28,1555.4,1551.5,1557.96,1563.7981503920214,1552.1218496079787,1558.604,1565.097423681786,1552.110576318214
2023-10-12 10:00:00+05:30,1555.4,1561.0,1555.4,1557.8,384,1555.1,1557.4,1561.0,1555.4,1558.24,1563.7037797254968,1552.7762202745032,1558.7440000000001,1565.0454298201162,1552.4425701798841
2023-10-12 10:05:00+05:30,1557.8,1560.15,1557.8,1558.75,17,1556.6,1558.62,1560.15,1557.8,1557.755,1561.7742453686226,1553.7357546313776,1558.1070000000002,1562.642695952976,1553.5713040470243
2023-10-12 10:10:00+05:30,1558.75,1561.35,1558.75,1559.05,90,1558.28,1559.48,1561.35,1558.75,1557.585,1561.1605496857708,1554.0094503142293,1557.848,1561.6072647035253,1554.0887352964746
2023-10-12 10:15:00+05:30,1559.05,1561.0,1558.85,1561.0,124,1558.9,1559.98,1561.0,1558.85,1557.785,1561.895974472187,1553.6740255278132,1557.844,1561.5930644759067,1554.0949355240934
2023-10-12 10:20:00+05:30,1561.0,1561.0,1556.5,1556.5,101,1560.02,1558.75,1561.0,1556.5,1557.59,1561.745531788388,1553.4344682116118,1557.821,1561.541805766983,1554.1001942330167
2023-10-12 10:25:00+05:30,1556.5,1558.95,1556.0,1556.0,72,1558.75,1556.86,1558.95,1556.0,1557.1799999999998,1561.0329065507412,1553.3270934492584,1557.558,1561.1230251674428,1553.9929748325571
2023-10-12 10:30:00+05:30,1556.0,1558.25,1556.0,1557.95,64,1556.25,1557.05,1558.25,1556.0,1557.3650000000002,1561.1647222120505,1553.56527778795,1557.449,1561.001569649024,1553.896430350976
2023-10-12 10:35:00+05:30,1557.95,1560.0,1556.9,1560.0,173,1556.98,1558.71,1560.0,1556.9,1557.725,1561.7911884964606,1553.6588115035393,1557.681,1561.229213321918,1554.132786678082
2023-10-12 10:40:00+05:30,1560.0,1560.9,1558.0,1558.95,189,1558.98,1559.46,1560.9,1558.0,1558.1399999999999,1561.694277548075,1554.5857224519248,1558.059,1561.4622069842785,1554.6557930157214
2023-10-12 10:45:00+05:30,1558.95,1560.9,1558.95,1559.1,32,1559.48,1559.48,1560.9,1558.95,1558.51,1561.5261785976957,1555.4938214023043,1558.579,1560.7994594119396,1556.3585405880604
2023-10-12 10:50:00+05:30,1559.1,1561.7,1559.1,1560.2,312,1559.02,1560.02,1561.7,1559.1,1558.75,1561.8943070248515,1555.6056929751485,1558.841,1561.0614594119404,1556.6205405880594
2023-10-12 10:55:00+05:30,1560.2,1562.0,1560.2,1560.2,22,1559.65,1560.65,1562.0,1560.2,1558.895,1562.1703116899816,1555.6196883100183,1559.0439999999999,1561.5299641545798,1556.55803584542
2023-10-12 11:00:00+05:30,1560.2,1561.45,1559.3,1561.45,25,1560.2,1560.6,1561.45,1559.3,1559.135,1562.7904525483445,1555.4795474516554,1559.156,1561.8235531859889,1556.488446814011
2023-10-12 11:05:00+05:30,1561.45,1561.45,1558.9,1560.85,209,1560.82,1560.66,1561.45,1558.9,1559.1200000000001,1562.7425221416208,1555.4974778583794,1559.224,1562.016644306442,1556.4313556935579
2023-10-12 11:10:00+05:30,1561.6,1561.6,1559.15,1561.4,24,1561.15,1560.94,1561.6,1559.15,1559.6100000000001,1562.9737941540734,1556.2462058459269,1559.443,1562.4085660880016,1556.4774339119983
2023-10-12 11:15:00+05:30,1561.4,1561.4,1558.75,1558.75,30,1561.5,1560.08,1561.4,1558.75,1559.885,1562.2335456492335,1557.5364543507665,1559.7649999999999,1562.1205938152214,1557.4094061847784
2023-10-12 11:20:00+05:30,1558.75,1559.75,1558.0,1558.0,9,1560.08,1558.62,1559.75,1558.0,1559.8899999999999,1562.2203790821522,1557.5596209178475,1559.922,1561.5790603154317,1558.2649396845684
2023-10-12 11:25:00+05:30,1559.75,1560.0,1558.6,1559.9,21,1558.38,1559.56,1560.0,1558.6,1559.8799999999999,1562.2091390874646,1557.5508609125352,1560.007,1561.462718226734,1558.551281773266
2023-10-12 11:30:00+05:30,1559.9,1560.0,1559.9,1560.0,2,1559.82,1559.95,1560.0,1559.9,1559.9850000000001,1562.2205958688362,1557.749404131164,1560.056,1561.4620251302015,1558.6499748697986
2023-10-12 11:35:00+05:30,1560.0,1561.0,1557.0,1557.0,1087,1559.95,1558.75,1561.0,1557.0,1559.775,1562.6756704205677,1556.8743295794325,1559.983,1561.5841953868146,1558.3818046131853
2023-10-12 11:40:00+05:30,1557.0,1559.55,1556.95,1559.55,509,1558.5,1558.26,1559.55,1556.95,1559.7099999999998,1562.5974440831294,1556.8225559168702,1559.807,1561.7421956547878,1557.8718043452122
2023-10-12 11:45:00+05:30,1559.55,1559.95,1559.55,1559.95,26,1558.28,1559.75,1559.95,1559.55,1559.685,1562.5578808614891,1556.8121191385108,1559.717,1561.5594392045082,1557.874560795492
2023-10-12 11:50:00+05:30,1559.95,1562.0,1559.95,1562.0,216,1559.75,1560.98,1562.0,1559.95,1559.74,1562.7792981645769,1556.7007018354232,1559.7549999999999,1561.6916465862635,1557.8183534137363
2023-10-12 11:55:00+05:30,1562.0,1564.65,1559.95,1559.95,111,1560.98,1561.64,1564.65,1559.95,1559.65,1562.5950523481256,1556.7049476518746,1559.853,1562.0718094906154,1557.6341905093848
2023-10-12 12:00:00+05:30,1559.95,1561.9,1559.95,1560.05,20,1560.98,1560.46,1561.9,1559.95,1559.5149999999999,1562.217282985403,1556.8127170145967,1559.8049999999998,1561.938421873183,1557.6715781268167
2023-10-12 12:05:00+05:30,1560.05,1563.2,1560.05,1561.85,129,1560.0,1561.29,1563.2,1560.05,1559.825,1562.8313821003326,1556.8186178996675,1559.926,1562.256859641153,1557.595140358847
2023-10-12 12:10:00+05:30,1561.85,1565.0,1561.5,1563.35,227,1560.95,1562.93,1565.0,1561.5,1560.3600000000001,1563.7963417240305,1556.9236582759697,1560.357,1563.160554093584,1557.5534459064158
2023-10-12 12:15:00+05:30,1563.0,1564.15,1562.15,1562.15,14,1562.6,1562.86,1564.15,1562.15,1560.585,1564.1785281332297,1556.9914718667703,1560.687,1563.8299363482245,1557.5440636517753
2023-10-12 12:20:00+05:30,1562.15,1563.35,1561.65,1563.3,7,1562.58,1562.61,1563.35,1561.65,1560.915,1564.8587855474548,1556.9712144525452,1560.953,1564.2644488269395,1557.6415511730604
2023-10-12 12:25:00+05:30,1563.65,1564.95,1561.5,1564.95,134,1562.72,1563.76,1564.95,1561.5,1561.71,1565.3388351360063,1558.0811648639938,1561.4540000000002,1564.7998989823539,1558.1081010176465
2023-10-12 12:30:00+05:30,1564.9,1564.9,1562.6,1562.6,2,1564.3,1563.75,1564.9,1562.6,1562.0149999999999,1565.3366629034736,1558.6933370965262,1562.0030000000002,1564.7714580546083,1559.234541945392
2023-10-12 12:35:00+05:30,1562.6,1562.6,1560.05,1561.9,416,1563.75,1561.79,1562.6,1560.05,1562.21,1565.2058489800022,1559.2141510199979,1562.2069999999999,1564.4968820930621,1559.9171179069376
2023-10-12 12:40:00+05:30,1561.9,1562.2,1558.55,1562.0,99,1562.25,1561.16,1562.2,1558.55,1562.21,1565.2058489800022,1559.2141510199979,1562.225,1564.474488830852,1559.975511169148
2023-10-12 12:45:00+05:30,1562.0,1562.1,1562.0,1562.1,134,1561.95,1562.05,1562.1,1562.0,1562.425,1564.9754901489457,1559.8745098510542,1562.266,1564.4828085167937,1560.0491914832064
2023-10-12 12:50:00+05:30,1562.1,1562.75,1560.9,1560.95,12,1562.05,1561.68,1562.75,1560.9,1562.5149999999999,1564.7351351309928,1560.294864869007,1562.3880000000001,1564.2724344863816,1560.5035655136187
2023-10-12 12:55:00+05:30,1560.95,1562.25,1560.75,1562.25,14,1561.52,1561.55,1562.25,1560.75,1562.5549999999998,1564.7359529007806,1560.374047099219,1562.414,1564.2372864101574,1560.5907135898426
2023-10-12 13:00:00+05:30,1562.25,1563.2,1561.0,1561.05,88,1561.6,1561.88,1563.2,1561.0,1562.325,1564.615681606442,1560.0343183935581,1562.309,1564.121118465626,1560.4968815343739
2023-10-12 13:05:00+05:30,1561.05,1562.7,1558.0,1558.0,485,1561.65,1559.94,1562.7,1558.0,1561.91,1565.4851612240075,1558.3348387759927,1562.017,1564.3113805748715,1559.7226194251286
2023-10-12 13:10:00+05:30,1558.0,1558.05,1555.0,1555.7,1927,1559.52,1556.69,1558.05,1555.0,1561.15,1566.297383369774,1556.0026166302262,1561.425,1565.4452294019818,1557.404770598018
2023-10-12 13:15:00+05:30,1555.7,1555.7,1553.0,1555.1,489,1556.85,1554.88,1555.7,1553.0,1560.165,1565.824809576683,1554.505190423317,1560.537,1565.9474594177586,1555.1265405822414
2023-10-12 13:20:00+05:30,1555.1,1555.1,1547.0,1551.95,890,1555.4,1552.29,1555.1,1547.0,1559.1,1566.4723206055473,1551.7276793944525,1559.391,1566.39642297875,1552.3855770212501
2023-10-12 13:25:00+05:30,1551.95,1556.8,1551.95,1554.45,152,1553.52,1553.79,1556.8,1551.95,1558.355,1565.9714223155468,1550.7385776844533,1558.5910000000001,1566.1815464596189,1551.0004535403814
2023-10-12 13:30:00+05:30,1556.45,1562.0,1554.75,1560.2,222,1553.2,1558.35,1562.0,1554.75,1558.175,1565.4875842825063,1550.8624157174936,1558.31,1565.6827908179005,1550.9372091820994
2023-10-12 13:35:00+05:30,1560.2,1563.05,1560.15,1561.85,132,1558.32,1561.31,1563.05,1560.15,1558.15,1565.4044239376078,1550.8955760623924,1558.236,1565.4552101753327,1551.0167898246675
2023-10-12 13:40:00+05:30,1561.85,1563.65,1561.2,1563.2,38,1561.02,1562.48,1563.65,1561.2,1558.375,1566.137194706817,1550.612805293183,1558.316,1565.720192205926,1550.911807794074
2023-10-12 13:45:00+05:30,1563.2,1563.2,1561.1,1561.15,46,1562.52,1562.16,1563.2,1561.1,1558.265,1565.8113088843254,1550.7186911156748,1558.377,1565.9085635089245,1550.8454364910754
2023-10-12 13:50:00+05:30,1561.15,1561.15,1559.0,1560.55,603,1562.18,1560.46,1561.15,1559.0,1558.215,1565.6855421489922,1550.7444578510076,1558.235,1565.5226226881277,1550.947377311872
2023-10-12 13:55:00+05:30,1560.55,1562.05,1559.2,1559.2,66,1560.85,1560.25,1562.05,1559.2,1558.3349999999998,1565.8287084722142,1550.8412915277854,1558.266,1565.588411260421,1550.9435887395791
2023-10-12 14:00:00+05:30,1559.2,1561.2,1559.0,1560.0,193,1559.88,1559.85,1561.2,1559.0,1558.765,1566.0780097163197,1551.4519902836805,1558.5819999999999,1565.8748141192445,1551.2891858807552
2023-10-12 14:05:00+05:30,1560.0,1561.5,1560.0,1561.5,2,1559.6,1560.75,1561.5,1560.0,1559.405,1566.4060237346553,1552.4039762653447,1559.1689999999999,1566.0720199510454,1552.2659800489544
2023-10-12 14:10:00+05:30,1561.5,1561.5,1560.0,1561.45,8,1560.75,1561.11,1561.5,1560.0,1560.355,1565.062547131987,1555.647452868013,1560.051,1565.0347018815883,1555.0672981184116
2023-10-12 14:15:00+05:30,1561.45,1562.1,1559.0,1559.0,139,1561.48,1560.39,1562.1,1559.0,1560.81,1563.371162930279,1558.2488370697208,1560.7109999999998,1563.0626131579318,1558.3593868420678
2023-10-12 14:20:00+05:30,1559.0,1559.25,1559.0,1559.25,34,1560.22,1559.12,1559.25,1559.0,1560.715,1563.4418418851385,1557.9881581148613,1560.788,1562.8254668368409,1558.7505331631592
2023-10-12 14:25:00+05:30,1559.25,1559.4,1559.0,1559.0,63,1559.12,1559.16,1559.4,1559.0,1560.4299999999998,1563.2245184438846,1557.635481556115,1560.5729999999999,1562.809665176378,1558.3363348236217
2023-10-12 14:30:00+05:30,1559.0,1561.9,1559.0,1561.15,108,1559.12,1560.26,1561.9,1559.0,1560.225,1562.3327897849776,1558.1172102150222,1560.351,1562.1428940941232,1558.559105905877
2023-10-12 14:35:00+05:30,1561.15,1561.15,1561.0,1561.0,2,1560.08,1561.08,1561.15,1561.0,1560.2099999999998,1562.2904913949167,1558.129508605083,1560.243,1561.6361275765526,1558.8498724234473
2023-10-12 14:40:00+05:30,1561.0,1561.05,1559.05,1559.05,3,1561.08,1560.04,1561.05,1559.05,1560.06,1562.2452027619854,1557.8747972380145,1560.201,1561.5903707608904,1558.8116292391096
2023-10-12 14:45:00+05:30,1559.05,1561.0,1559.05,1561.0,11,1560.02,1560.02,1561.0,1559.05,1560.2400000000002,1562.406820507331,1558.0731794926694,1560.1779999999999,1561.5713748000587,1558.784625199941
2023-10-12 14:50:00+05:30,1561.0,1561.0,1559.0,1559.0,4,1560.02,1560.0,1561.0,1559.0,1560.14,1562.4440061728048,1557.8359938271954,1560.193,1561.573854807757,1558.812145192243
2023-10-12 14:55:00+05:30,1559.0,1559.75,1558.0,1558.0,232,1560.0,1558.69,1559.75,1558.0,1559.7900000000002,1562.234858550757,1557.3451414492433,1559.987,1561.5945668294703,1558.3794331705299
2023-10-12 15:00:00+05:30,1558.0,1560.65,1558.0,1560.65,56,1558.5,1559.32,1560.65,1558.0,1559.71,1561.9578631828394,1557.4621368171606,1559.808,1561.2499061458473,1558.3660938541527
2023-10-12 15:05:00+05:30,1560.95,1563.45,1558.0,1563.45,952,1559.32,1561.46,1563.45,1558.0,1560.1550000000002,1563.3433294127685,1556.9666705872319,1559.915,1561.6730102389067,1558.1569897610932
2023-10-12 15:10:00+05:30,1563.45,1564.2,1559.35,1563.45,301,1562.2,1562.61,1564.2,1559.35,1560.575,1564.2955883644474,1556.8544116355527,1560.264,1562.608434544499,1557.9195654555008
2023-10-12 15:15:00+05:30,1563.1,1563.35,1558.55,1561.75,287,1563.45,1561.69,1563.35,1558.55,1560.85,1564.45801576738,1557.2419842326199,1560.517,1562.8779235481295,1558.1560764518706
2023-10-12 15:20:00+05:30,1561.75,1567.0,1558.25,1565.2,1804,1562.42,1563.05,1567.0,1558.25,1561.255,1565.8001928207357,1556.7098071792645,1560.7959999999998,1563.63329448597,1557.9587055140296
2023-10-12 15:25:00+05:30,1565.2,1572.2,1565.0,1566.0,411,1563.48,1567.1,1572.2,1565.0,1561.755,1567.188732091697,1556.3212679083033,1561.398,1566.3037227353045,1556.4922772646953
2023-10-13 09:15:00+05:30,1564.85,1566.65,1558.7,1558.7,195,1565.6,1562.22,1566.65,1558.7,1561.72,1567.235070262462,1556.2049297375381,1561.616,1566.4466907718738,1556.7853092281262
2023-10-13 09:20:00+05:30,1558.7,1558.7,1557.0,1557.0,108,1561.78,1557.85,1558.7,1557.0,1561.3200000000002,1567.5950298803982,1555.044970119602,1561.399,1566.7185526127794,1556.0794473872204
2023-10-13 09:25:00+05:30,1557.0,1558.65,1552.0,1552.0,72,1557.85,1554.91,1558.65,1552.0,1560.6200000000001,1569.1880543623067,1552.0519456376935,1560.8899999999999,1567.5975016047628,1554.182498395237
2023-10-13 09:30:00+05:30,1552.0,1556.5,1552.0,1556.35,272,1554.5,1554.21,1556.5,1552.0,1560.455,1569.306170669584,1551.603829330416,1560.442,1568.3020016963596,1552.5819983036404
2023-10-13 09:35:00+05:30,1556.35,1558.05,1555.5,1557.65,66,1554.18,1556.89,1558.05,1555.5,1560.155,1569.178481712848,1551.131518287152,1560.199,1568.357744184418,1552.0402558155822
2023-10-13 09:40:00+05:30,1557.65,1558.95,1557.0,1557.1,35,1557.0,1557.68,1558.95,1557.0,1559.52,1568.4055938337092,1550.6344061662908,1559.8210000000001,1568.0698488085773,1551.572151191423
2023-10-13 09:45:00+05:30,1557.1,1560.75,1557.0,1560.75,107,1557.38,1558.9,1560.75,1557.0,1559.25,1567.7610385839596,1550.7389614160404,1559.45,1567.4719476715156,1551.4280523284845
2023-10-13 09:50:00+05:30,1560.75,1560.95,1558.65,1560.0,427,1558.92,1560.09,1560.95,1558.65,1559.075,1567.4280766121688,1550.7219233878313,1559.29,1567.1760552031262,1551.4039447968737
2023-10-13 09:55:00+05:30,1560.0,1560.95,1559.25,1560.95,10,1560.38,1560.29,1560.95,1559.25,1558.65,1565.9889372527546,1551.3110627472456,1559.014,1566.4981414559998,1551.529858544
2023-10-13 10:00:00+05:30,1560.95,1560.95,1560.05,1560.05,5,1560.48,1560.5,1560.95,1560.05,1558.0549999999998,1563.4538579039022,1552.6561420960975,1558.354,1563.4528730781162,1553.2551269218839
2023-10-13 10:05:00+05:30,1560.05,1563.75,1560.05,1563.75,499,1560.5,1561.9,1563.75,1560.05,1558.56,1565.059538445141,1552.0604615548589,1558.3220000000001,1563.3159768165779,1553.3280231834224
2023-10-13 10:10:00+05:30,1563.75,1563.75,1561.2,1561.2,322,1561.9,1562.48,1563.75,1561.2,1558.98,1565.573633292796,1552.386366707204,1558.785,1564.4038986663138,1553.1661013336864
2023-10-13 10:15:00+05:30,1561.2,1562.75,1560.35,1562.45,20,1562.48,1561.69,1562.75,1560.35,1560.025,1564.7494635203834,1555.3005364796168,1559.4630000000002,1564.6211051645912,1554.3048948354092
2023-10-13 10:20:00+05:30,1562.45,1562.7,1560.0,1561.15,398,1561.82,1561.57,1562.7,1560.0,1560.505,1564.4870290751621,1556.522970924838,1560.199,1563.928288880693,1556.4697111193072
2023-10-13 10:25:00+05:30,1561.15,1564.3,1561.15,1564.3,62,1561.8,1562.72,1564.3,1561.15,1561.17,1565.252809490194,1557.087190509806,1560.782,1563.999946895512,1557.5640531044878
2023-10-13 10:30:00+05:30,1564.3,1564.3,1561.05,1561.05,22,1562.72,1562.68,1564.3,1561.05,1561.565,1564.501002573398,1558.6289974266022,1561.282,1563.844911538793,1558.7190884612069
2023-10-13 10:35:00+05:30,1561.05,1562.75,1561.05,1562.75,105,1562.68,1561.9,1562.75,1561.05,1561.765,1564.726624929344,1558.803375070656,1561.5819999999999,1563.5355904267997,1559.6284095732
2023-10-13 10:40:00+05:30,1562.75,1562.75,1560.7,1562.05,18,1561.9,1562.06,1562.75,1560.7,1561.97,1564.659981412555,1559.280018587445,1561.779,1563.4391860672554,1560.1188139327446
2023-10-13 10:45:00+05:30,1562.05,1562.05,1560.65,1561.6,14,1562.4,1561.59,1562.05,1560.65,1562.035,1564.6456831800429,1559.4243168199573,1561.909,1563.217279616783,1560.6007203832173
2023-10-13 10:50:00+05:30,1561.6,1562.2,1560.15,1561.65,25,1561.82,1561.4,1562.2,1560.15,1562.1950000000002,1564.4347668529222,1559.9552331470782,1561.999,1562.9520978730911,1561.045902126909
2023-10-13 10:55:00+05:30,1561.65,1561.75,1561.0,1561.0,9,1561.62,1561.35,1561.75,1561.0,1561.92,1563.9792339459943,1559.8607660540058,1561.944,1562.9821693290064,1560.9058306709935
2023-10-13 11:00:00+05:30,1561.85,1562.2,1561.85,1562.2,555,1561.32,1562.02,1562.2,1561.85,1562.02,1564.0201111079975,1560.0198888920024,1561.898,1562.8692214532455,1560.9267785467543
2023-10-13 11:05:00+05:30,1562.2,1562.2,1560.1,1560.1,29,1562.02,1561.15,1562.2,1560.1,1561.7849999999999,1564.0896089087112,1559.4803910912885,1561.8439999999998,1562.9209174115238,1560.767082588476
2023-10-13 11:10:00+05:30,1560.1,1562.0,1560.0,1562.0,306,1561.15,1561.02,1562.0,1560.0,1561.87,1564.1328399069166,1559.6071600930832,1561.789,1562.978414421805,1560.599585578195
2023-10-13 11:15:00+05:30,1562.0,1562.8,1561.05,1562.8,54,1561.05,1562.16,1562.8,1561.05,1561.72,1563.3874664747257,1560.0525335252744,1561.733,1562.7706490522742,1560.6953509477257
2023-10-13 11:20:00+05:30,1562.8,1563.35,1561.0,1563.35,109,1562.4,1562.62,1563.35,1561.0,1561.95,1563.8279421361046,1560.0720578638955,1561.727,1562.7407301855123,1560.7132698144878
2023-10-13 11:25:00+05:30,1563.35,1563.35,1561.2,1563.0,32,1563.07,1562.72,1563.35,1561.2,1561.975,1563.906176958317,1560.0438230416828,1561.809,1563.0017726802698,1560.6162273197301
2023-10-13 11:30:00+05:30,1563.0,1564.0,1560.15,1563.0,995,1563.18,1562.54,1564.0,1560.15,1562.07,1564.1080818868897,1560.0319181131101,1561.857,1563.1305619341565,1560.5834380658434
2023-10-13 11:35:00+05:30,1563.0,1563.75,1562.4,1562.45,19,1563.0,1562.9,1563.75,1562.4,1562.155,1564.176797879749,1560.1332021202509,1561.9879999999998,1563.4013270440587,1560.574672955941
2023-10-13 11:40:00+05:30,1562.45,1562.5,1562.45,1562.5,12,1562.72,1562.48,1562.5,1562.45,1562.24,1564.2387774040656,1560.2412225959345,1562.096,1563.4742500983025,1560.7177499016975
2023-10-13 11:45:00+05:30,1562.5,1562.55,1560.9,1560.9,17,1562.48,1561.71,1562.55,1560.9,1562.23,1564.2571490653686,1560.2028509346314,1562.132,1563.4406990996679,1560.8233009003322
2023-10-13 11:50:00+05:30,1560.9,1562.3,1560.0,1562.3,235,1561.7,1561.38,1562.3,1560.0,1562.24,1564.2674779077854,1560.2125220922146,1562.068,1563.4609281708063,1560.6750718291937
2023-10-13 11:55:00+05:30,1562.3,1562.45,1561.0,1562.45,11,1561.6,1562.05,1562.45,1561.0,1562.475,1563.8349428092154,1561.1150571907845,1562.158,1563.3948706031867,1560.921129396813
2023-10-13 12:00:00+05:30,1562.45,1562.45,1561.0,1562.0,52,1562.38,1561.98,1562.45,1561.0,1562.475,1563.8349428092154,1561.1150571907845,1562.2540000000001,1563.217013787906,1561.2909862120944
2023-10-13 12:05:00+05:30,1562.0,1562.45,1562.0,1562.0,42,1562.22,1562.11,1562.45,1562.0,1562.395,1563.7640629398334,1561.0259370601666,1562.2490000000003,1563.214698365679,1561.2833016343216
2023-10-13 12:10:00+05:30,1562.0,1562.5,1561.0,1562.5,31,1562.0,1562.0,1562.5,1561.0,1562.31,1563.5107405122128,1561.109259487787,1562.187,1563.1260799280415,1561.2479200719583
2023-10-13 12:15:00+05:30,1562.5,1562.5,1561.25,1561.25,21,1562.25,1561.88,1562.5,1561.25,1562.135,1563.3973170934178,1560.8726829065822,1562.103,1562.978292966906,1561.227707033094
2023-10-13 12:20:00+05:30,1561.25,1562.55,1561.25,1562.55,9,1561.88,1561.9,1562.55,1561.25,1562.0900000000001,1563.2425816432403,1560.93741835676,1562.039,1562.864453410841,1561.213546589159
2023-10-13 12:25:00+05:30,1562.55,1562.55,1560.25,1561.85,131,1561.9,1561.8,1562.55,1560.25,1562.03,1563.1615672513528,1560.898432748647,1561.929,1562.4977764647026,1561.3602235352976
2023-10-13 12:30:00+05:30,1561.85,1561.85,1560.0,1561.5,139,1562.2,1561.3,1561.85,1560.0,1561.9299999999998,1563.0536844159083,1560.8063155840914,1561.8110000000001,1562.3610262621175,1561.2609737378828
2023-10-13 12:35:00+05:30,1561.5,1561.5,1560.0,1561.4,47,1561.68,1561.1,1561.5,1560.0,1561.98,1562.9312564789677,1561.0287435210323,1561.75,1562.4614304839279,1561.0385695160721
2023-10-13 12:40:00+05:30,1561.4,1561.5,1561.0,1561.5,10,1561.45,1561.35,1561.5,1561.0,1561.9,1562.8660917830216,1560.9339082169786,1561.747,1562.4655819369623,1561.0284180630379
2023-10-13 12:45:00+05:30,1561.5,1561.5,1561.25,1561.25,7,1561.45,1561.38,1561.5,1561.25,1561.7800000000002,1562.7405553948392,1560.8194446051612,1561.6799999999998,1562.3979600732584,1560.9620399267412
2023-10-13 12:50:00+05:30,1561.25,1561.25,1561.0,1561.0,3,1561.38,1561.12,1561.25,1561.0,1561.68,1562.741654892608,1560.618345107392,1561.5939999999998,1562.3568717673747,1560.831128232625
2023-10-13 12:55:00+05:30,1561.0,1561.25,1560.0,1561.25,116,1561.12,1560.88,1561.25,1560.0,1561.605,1562.672135313662,1560.537864686338,1561.471,1562.2602865977924,1560.6817134022076
2023-10-13 13:00:00+05:30,1561.25,1561.25,1561.0,1561.25,77,1561.12,1561.19,1561.25,1561.0,1561.48,1562.3571164878279,1560.6028835121722,1561.3899999999999,1562.10030509885,1560.6796949011498
2023-10-13 13:05:00+05:30,1561.25,1561.5,1561.0,1561.5,9,1561.25,1561.31,1561.5,1561.0,1561.505,1562.367103370895,1560.6428966291053,1561.333,1561.9544713724576,1560.7115286275425
2023-10-13 13:10:00+05:30,1560.05,1561.5,1560.05,1561.0,138,1561.38,1560.65,1561.5,1560.05,1561.35,1561.8642416205728,1560.835758379427,1561.208,1561.825435556784,1560.5905644432162
2023-10-13 13:15:00+05:30,1561.0,1561.5,1560.0,1561.0,392,1560.52,1560.88,1561.5,1560.0,1561.265,1561.684126074769,1560.8458739252312,1561.116,1561.6014505354146,1560.6305494645853
2023-10-13 13:20:00+05:30,1561.0,1561.5,1561.0,1561.0,3,1561.0,1561.12,1561.5,1561.0,1561.2150000000001,1561.6287900700916,1560.8012099299087,1561.098,1561.5661690104373,1560.6298309895626
2023-10-13 13:25:00+05:30,1561.0,1561.5,1561.0,1561.5,38,1561.0,1561.25,1561.5,1561.0,1561.225,1561.662797517753,1560.7872024822468,1561.1129999999998,1561.5909632716023,1560.6350367283974
2023-10-13 13:30:00+05:30,1561.5,1562.25,1561.0,1561.0,140,1561.25,1561.44,1562.25,1561.0,1561.175,1561.5866363010332,1560.7633636989667,1561.1219999999998,1561.6226484684896,1560.62135153151
2023-10-13 13:35:00+05:30,1561.0,1562.2,1561.0,1562.2,2,1561.25,1561.6,1562.2,1561.0,1561.27,1562.0405697746878,1560.4994302253122,1561.144,1561.7100938282078,1560.5779061717922
2023-10-13 13:40:00+05:30,1562.3,1562.3,1562.3,1562.3,36,1561.6,1562.3,1562.3,1562.3,1561.4,1562.3786612170018,1560.4213387829984,1561.262,1562.1851732713876,1560.3388267286123
2023-10-13 13:45:00+05:30,1562.3,1562.3,1562.0,1562.0,11,1562.3,1562.15,1562.3,1562.0,1561.475,1562.5155660851974,1560.4344339148024,1561.389,1562.4215566974515,1560.3564433025483
2023-10-13 13:50:00+05:30,1562.0,1562.0,1561.0,1561.9,78,1562.15,1561.72,1562.0,1561.0,1561.54,1562.5991401123854,1560.4808598876145,1561.442,1562.4835287909332,1560.4004712090668
2023-10-13 13:55:00+05:30,1561.9,1563.9,1561.1,1563.9,179,1561.95,1562.7,1563.9,1561.1,1561.78,1563.607688278764,1559.952311721236,1561.581,1562.8827407149709,1560.279259285029
2023-10-13 14:00:00+05:30,1563.9,1563.9,1563.55,1563.55,4,1562.9,1563.72,1563.9,1563.55,1562.0349999999999,1564.077900987403,1559.9920990125968,1561.8880000000001,1563.5979395701213,1560.178060429879
2023-10-13 14:05:00+05:30,1563.55,1563.7,1562.0,1563.7,29,1563.72,1563.24,1563.7,1562.0,1562.3049999999998,1564.4510299262438,1560.1589700737559,1562.124,1563.8667487866796,1560.3812512133204
2023-10-13 14:10:00+05:30,1563.7,1563.7,1563.65,1563.65,14,1563.62,1563.68,1563.7,1563.65,1562.57,1564.6533733329231,1560.4866266670767,1562.38,1564.2168330233594,1560.5431669766408
2023-10-13 14:15:00+05:30,1563.65,1563.7,1563.55,1563.7,3,1563.68,1563.65,1563.7,1563.55,1562.79,1564.835482828061,1560.744517171939,1562.6200000000001,1564.4275643526703,1560.81243564733
2023-10-13 14:20:00+05:30,1563.7,1563.7,1562.0,1563.6,74,1563.68,1563.25,1563.7,1562.0,1563.05,1564.7086473739178,1561.3913526260822,1562.801,1564.4378384160202,1561.1641615839796
2023-10-13 14:25:00+05:30,1563.6,1563.6,1560.05,1562.0,835,1563.65,1562.31,1563.6,1560.05,1563.0300000000002,1564.7382804869565,1561.321719513044,1562.8719999999998,1564.3290228398062,1561.4149771601935
2023-10-13 14:30:00+05:30,1562.0,1563.1,1562.0,1562.0,64,1562.8,1562.28,1563.1,1562.0,1563.0,1564.7745108871973,1561.2254891128027,1562.8700000000001,1564.330563057388,1561.4094369426123
2023-10-13 14:35:00+05:30,1562.0,1563.1,1562.0,1563.0,3,1562.0,1562.52,1563.1,1562.0,1563.1,1564.7309506429972,1561.4690493570026,1562.9070000000002,1564.3038551981533,1561.510144801847
2023-10-13 14:40:00+05:30,1562.0,1562.9,1562.0,1562.9,140,1562.5,1562.45,1562.9,1562.0,1563.2,1564.6118545722657,1561.7881454277344,1562.98,1564.1607342349141,1561.799265765086
2023-10-13 14:45:00+05:30,1562.9,1562.9,1561.35,1561.35,45,1562.45,1562.12,1562.9,1561.35,1562.9450000000002,1564.6792625714004,1561.2107374286,1562.922,1564.2154639109974,1561.6285360890026
2023-10-13 14:50:00+05:30,1561.35,1562.9,1560.95,1560.95,114,1562.12,1561.54,1562.9,1560.95,1562.685,1564.761883348755,1560.608116651245,1562.704,1564.1279600494324,1561.2800399505675
2023-10-13 14:55:00+05:30,1560.95,1562.65,1560.0,1562.0,250,1561.15,1561.4,1562.65,1560.0,1562.5149999999999,1564.4988514729075,1560.5311485270922,1562.52,1564.102796400235,1560.9372035997649
2023-10-13 15:00:00+05:30,1562.0,1562.7,1560.65,1562.0,216,1561.48,1561.84,1562.7,1560.65,1562.35,1564.1830302779522,1560.5169697220476,1562.3359999999998,1563.7367997716117,1560.9352002283879
2023-10-13 15:05:00+05:30,1562.0,1562.1,1560.5,1561.85,64,1562.0,1561.61,1562.1,1560.5,1562.165,1563.7489823230985,1560.5810176769014,1562.132,1563.2474192037716,1561.0165807962285
2023-10-13 15:10:00+05:30,1560.0,1562.7,1560.0,1560.3,355,1561.92,1560.75,1562.7,1560.0,1561.8349999999998,1563.4646216329425,1560.2053783670572,1561.882,1563.0043705073153,1560.7596294926848
2023-10-13 15:15:00+05:30,1560.3,1565.0,1560.2,1563.55,327,1560.15,1562.26,1565.0,1560.2,1561.99,1563.950612149276,1560.029387850724,1561.877,1562.991312942341,1560.762687057659
2023-10-13 15:20:00+05:30,1565.0,1566.5,1563.0,1563.15,286,1561.92,1564.41,1566.5,1563.0,1562.105,1564.198614630755,1560.011385369245,1562.09,1564.0443455853067,1560.1356544146931
2023-10-13 15:25:00+05:30,1563.15,1565.95,1563.0,1565.0,338,1564.08,1564.28,1565.95,1563.0,1562.3049999999998,1565.0571506741496,1559.55284932585,1562.266,1564.6599961942168,1559.8720038057834
2023-10-16 09:15:00+05:30,1563.0,1567.9,1557.3,1559.85,256,1564.08,1562.01,1567.9,1557.3,1562.0,1565.111626941346,1558.888373058654,1562.2220000000002,1564.6171395227584,1559.826860477242
2023-10-16 09:20:00+05:30,1559.85,1559.85,1555.45,1556.0,98,1561.42,1557.79,1559.85,1555.45,1561.465,1566.386618974811,1556.5433810251889,1561.789,1565.4807258836665,1558.0972741163334
2023-10-16 09:25:00+05:30,1555.65,1560.55,1555.5,1558.75,256,1557.92,1557.61,1560.55,1555.5,1561.2450000000001,1566.4570480086363,1556.032951991364,1561.3960000000002,1565.9431573537897,1556.8488426462106
2023-10-16 09:30:00+05:30,1558.75,1560.25,1556.15,1556.15,252,1557.2,1557.82,1560.25,1556.15,1560.66,1566.7368778533328,1554.5831221466674,1561.038,1566.1164319539819,1555.9595680460181
2023-10-16 09:35:00+05:30,1556.25,1558.95,1552.45,1558.95,363,1557.45,1556.65,1558.95,1552.45,1560.355,1566.4391232363782,1554.2708767636218,1560.519,1566.2518019133645,1554.7861980866355
2023-10-16 09:40:00+05:30,1558.95,1559.45,1554.05,1559.45,341,1557.6,1557.98,1559.45,1554.05,1560.115,1566.1259252384389,1554.1040747615612,1560.156,1566.0394925379856,1554.2725074620143
2023-10-16 09:45:00+05:30,1559.45,1559.55,1555.05,1557.95,101,1559.2,1558.0,1559.55,1555.05,1559.8799999999999,1566.0406637448943,1553.7193362551054,1559.8809999999999,1565.896686531438,1553.8653134685617
2023-10-16 09:50:00+05:30,1557.95,1559.85,1556.5,1556.7,108,1558.7,1557.75,1559.85,1556.5,1559.1950000000002,1565.0581523564917,1553.3318476435086,1559.4299999999998,1565.3280825509519,1553.5319174490478
2023-10-16 09:55:00+05:30,1556.7,1559.25,1556.7,1559.25,103,1557.32,1557.98,1559.25,1556.7,1558.805,1563.9770294748548,1553.6329705251453,1558.7869999999998,1563.5684089044087,1554.005591095591
2023-10-16 10:00:00+05:30,1559.25,1559.8,1558.0,1559.7,21,1557.98,1559.19,1559.8,1558.0,1558.275,1561.2415730322093,1555.3084269677909,1558.2779999999998,1561.171499227201,1555.3845007727987
2023-10-16 10:05:00+05:30,1559.7,1559.7,1557.3,1559.55,56,1559.48,1559.06,1559.7,1557.3,1558.2450000000001,1561.1461300480041,1555.343869951996,1557.9830000000002,1559.4207776060548,1556.5452223939456
2023-10-16 10:10:00+05:30,1559.55,1561.25,1557.6,1561.25,168,1559.62,1559.91,1561.25,1557.6,1558.77,1561.7641424296057,1555.7758575703942,1558.1950000000002,1560.0661671936791,1556.3238328063212
2023-10-16 10:15:00+05:30,1561.25,1562.0,1561.25,1562.0,1,1560.4,1561.62,1562.0,1561.25,1559.095,1562.7188254802056,1555.4711745197944,1558.596,1561.3974472450345,1555.7945527549655
2023-10-16 10:20:00+05:30,1562.0,1562.2,1560.1,1560.95,52,1561.62,1561.31,1562.2,1560.1,1559.575,1562.702743240366,1556.447256759634,1558.945,1562.1563583142147,1555.7336416857852
2023-10-16 10:25:00+05:30,1560.95,1564.3,1560.95,1562.05,316,1561.48,1562.06,1564.3,1560.95,1559.885,1563.3352978937237,1556.4347021062763,1559.486,1562.8001608624645,1556.1718391375357
2023-10-16 10:30:00+05:30,1562.0,1564.35,1562.0,1562.25,194,1561.5,1562.65,1564.35,1562.0,1560.1650000000002,1563.901025814789,1556.4289741852115,1559.953,1563.6211942272691,1556.2848057727308
2023-10-16 10:35:00+05:30,1562.25,1564.35,1562.1,1562.1,27,1562.12,1562.7,1564.35,1562.1,1560.58,1564.1403370626779,1557.019662937322,1560.423,1564.1823149494267,1556.6636850505733
2023-10-16 10:40:00+05:30,1562.1,1563.9,1562.0,1563.9,71,1562.18,1562.98,1563.9,1562.0,1561.3,1564.2291637031549,1558.370836296845,1560.9460000000001,1564.5022802039489,1557.3897197960514
2023-10-16 10:45:00+05:30,1563.9,1563.9,1562.05,1563.7,18,1563.0,1563.39,1563.9,1562.05,1561.745,1564.6419140668977,1558.848085933102,1561.4869999999999,1564.6636656173678,1558.310334382632
2023-10-16 10:50:00+05:30,1563.7,1563.95,1562.1,1563.1,21,1563.8,1563.21,1563.95,1562.1,1562.085,1564.6995107891432,1559.4704892108568,1561.8890000000001,1564.7781898134099,1558.9998101865904
2023-10-16 10:55:00+05:30,1563.1,1563.95,1562.0,1562.8,329,1563.4,1562.96,1563.95,1562.0,1562.4099999999999,1564.3432183873563,1560.4767816126434,1562.279,1564.4293994461311,1560.1286005538689
2023-10-16 11:00:00+05:30,1562.8,1563.9,1562.8,1563.0,21,1562.95,1563.12,1563.9,1562.8,1562.5849999999998,1564.3620449878288,1560.8079550121709,1562.6,1564.0093654995287,1561.190634500471
2023-10-16 11:05:00+05:30,1563.0,1563.9,1563.0,1563.9,23,1562.9,1563.45,1563.9,1563.0,1562.775,1564.6760231163162,1560.873976883684,1562.783,1564.0989550820348,1561.467044917965
2023-10-16 11:10:00+05:30,1563.9,1563.95,1562.0,1562.0,84,1563.45,1562.96,1563.95,1562.0,1562.88,1564.4134782539818,1561.3465217460184,1562.948,1563.7606117018217,1562.1353882981784
2023-10-16 11:15:00+05:30,1562.0,1563.85,1562.0,1562.1,39,1562.95,1562.49,1563.85,1562.0,1562.8849999999998,1564.40673146992,1561.3632685300795,1562.991,1563.6193983168382,1562.3626016831618
2023-10-16 11:20:00+05:30,1562.1,1563.95,1562.0,1563.9,30,1562.05,1562.99,1563.95,1562.0,1563.05,1564.622683481573,1561.477316518427,1563.025,1563.6064350065383,1562.443564993462
2023-10-16 11:25:00+05:30,1563.9,1564.1,1562.05,1564.1,140,1563.0,1563.54,1564.1,1562.05,1563.25,1564.7941646428808,1561.7058353571192,1563.109,1563.7235242063284,1562.4944757936714
2023-10-16 11:30:00+05:30,1564.1,1564.7,1559.95,1561.9,717,1564.0,1562.66,1564.7,1559.95,1563.05,1564.7319301081695,1561.3680698918304,1563.077,1563.7517542763821,1562.4022457236179
2023-10-16 11:35:00+05:30,1561.9,1562.25,1557.05,1558.8,4617,1563.0,1560.0,1562.25,1557.05,1562.56,1565.658673551321,1559.4613264486788,1562.738,1564.765056979997,1560.710943020003
2023-10-16 11:40:00+05:30,1558.8,1560.65,1558.0,1558.5,1132,1560.35,1558.99,1560.65,1558.0,1562.1,1566.0821825394696,1558.1178174605302,1562.316,1565.3920031787532,1559.239996821247
2023-10-16 11:45:00+05:30,1558.5,1560.0,1558.0,1559.55,1692,1558.65,1559.01,1560.0,1558.0,1561.775,1566.0247712356593,1557.525228764341,1561.921,1565.5872842224976,1558.2547157775025
2023-10-16 11:50:00+05:30,1559.55,1559.7,1556.35,1559.2,288,1559.02,1558.7,1559.7,1556.35,1561.395,1565.8333305169465,1556.9566694830535,1561.4789999999998,1565.5466113656967,1557.411388634303
2023-10-16 11:55:00+05:30,1560.0,1564.15,1555.7,1564.0,1540,1559.38,1560.96,1564.15,1555.7,1561.405,1565.8687926076739,1556.941207392326,1561.23,1565.0592325892194,1557.4007674107806
2023-10-16 12:00:00+05:30,1564.0,1565.0,1563.1,1564.7,611,1562.0,1564.2,1565.0,1563.1,1561.675,1566.601402789493,1556.748597210507,1561.3539999999998,1565.4994682083916,1557.208531791608
2023-10-16 12:05:00+05:30,1564.7,1565.85,1564.7,1565.85,22,1564.35,1565.28,1565.85,1564.7,1562.05,1567.645633218054,1556.454366781946,1561.633,1566.4408921230404,1556.8251078769597
2023-10-16 12:10:00+05:30,1563.5,1563.5,1560.6,1563.3,126,1565.28,1562.72,1563.5,1560.6,1561.99,1567.5098228634915,1556.4701771365085,1561.606,1566.3829557949382,1556.8290442050618
2023-10-16 12:15:00+05:30,1563.3,1563.45,1561.5,1563.3,41,1563.4,1562.89,1563.45,1561.5,1561.91,1567.3159226779412,1556.504077322059,1561.5410000000002,1566.2176317413894,1556.864368258611
2023-10-16 12:20:00+05:30,1563.3,1563.3,1561.5,1563.3,79,1563.3,1562.85,1563.3,1561.5,1562.05,1567.5268198395997,1556.5731801604002,1561.56,1566.258330672828,1556.861669327172
2023-10-16 12:25:00+05:30,1563.3,1563.65,1561.05,1561.05,118,1563.3,1562.26,1563.65,1561.05,1562.275,1567.3267873624525,1557.2232126375477,1561.7859999999998,1566.366773345689,1557.2052266543108
2023-10-16 12:30:00+05:30,1562.75,1562.75,1561.4,1561.4,62,1562.18,1562.07,1562.75,1561.4,1562.565,1566.9414648341237,1558.1885351658764,1562.0939999999998,1566.2320209977618,1557.9559790022379
2023-10-16 12:35:00+05:30,1561.4,1561.4,1561.4,1561.4,6,1562.08,1561.4,1561.4,1561.4,1562.75,1566.6951799001213,1558.8048200998787,1562.333,1565.918564266787,1558.7474357332133
2023-10-16 12:40:00+05:30,1561.4,1563.3,1560.6,1563.3,31,1561.4,1562.15,1563.3,1560.6,1563.16,1566.2178859799774,1560.1021140200228,1562.678,1565.2228125886336,1560.1331874113666
2023-10-16 12:45:00+05:30,1563.3,1563.4,1560.3,1561.8,131,1562.35,1562.2,1563.4,1560.3,1562.94,1566.0454790290512,1559.834520970949,1562.8020000000001,1565.0818011609554,1560.522198839045
2023-10-16 12:50:00+05:30,1561.8,1561.8,1560.0,1561.0,171,1562.55,1561.15,1561.8,1560.0,1562.57,1565.6247594922402,1559.5152405077597,1562.497,1564.761588262831,1560.232411737169
2023-10-16 12:55:00+05:30,1561.0,1561.35,1560.15,1561.35,45,1561.4,1560.96,1561.35,1560.15,1562.1200000000001,1564.1964285577485,1560.0435714422517,1562.065,1563.4457968714262,1560.684203128574
2023-10-16 13:00:00+05:30,1561.35,1561.9,1561.35,1561.9,6,1561.18,1561.62,1561.9,1561.35,1561.98,1563.884497600678,1560.075502399322,1561.9550000000002,1563.2779344487515,1560.6320655512488
2023-10-16 13:05:00+05:30,1561.9,1562.7,1560.4,1562.7,40,1561.62,1561.92,1562.7,1560.4,1561.92,1563.6713169647408,1560.1686830352594,1561.858,1563.007059518873,1560.708940481127
2023-10-16 13:10:00+05:30,1562.7,1562.7,1560.8,1562.0,32,1562.3,1562.05,1562.7,1560.8,1561.7900000000002,1563.2557572937983,1560.324242706202,1561.7779999999998,1562.7112285656194,1560.8447714343802
2023-10-16 13:15:00+05:30,1562.0,1562.0,1560.0,1560.15,230,1562.35,1561.04,1562.0,1560.0,1561.7,1563.4505554673653,1559.9494445326347,1561.6560000000002,1562.6273770295118,1560.6846229704886
2023-10-16 13:20:00+05:30,1560.15,1560.85,1560.0,1560.85,44,1561.08,1560.46,1560.85,1560.0,1561.645,1563.4704071082883,1559.8195928917116,1561.4950000000001,1562.6731058243888,1560.3168941756114
2023-10-16 13:25:00+05:30,1560.85,1561.35,1560.05,1561.3,15,1560.5,1560.89,1561.35,1560.05,1561.635,1563.4674543347019,1559.802545665298,1561.444,1562.6829673119676,1560.2050326880324
2023-10-16 13:30:00+05:30,1561.3,1561.3,1560.0,1560.05,54,1561.07,1560.66,1561.3,1560.0,1561.31,1562.975199354062,1559.644800645938,1561.295,1562.5148451632656,1560.0751548367346
2023-10-16 13:35:00+05:30,1560.05,1560.9,1560.0,1560.9,206,1560.68,1560.46,1560.9,1560.0,1561.22,1562.8646546411844,1559.5753453588156,1561.1209999999999,1562.260881085466,1559.9811189145337
2023-10-16 13:40:00+05:30,1560.9,1561.05,1560.05,1561.05,167,1560.48,1560.76,1561.05,1560.05,1561.225,1562.8669838948636,1559.5830161051363,1561.0819999999999,1562.2439447300405,1559.9200552699592
2023-10-16 13:45:00+05:30,1561.05,1561.05,1560.25,1561.05,3,1560.98,1560.85,1561.05,1560.25,1561.1950000000002,1562.8377957200025,1559.5522042799978,1561.0710000000001,1562.2401383342267,1559.9018616657736
2023-10-16 13:50:00+05:30,1561.05,1561.7,1560.0,1561.7,279,1561.05,1561.11,1561.7,1560.0,1561.175,1562.7841750819364,1559.5658249180635,1561.02,1562.1254611908867,1559.9145388091133
2023-10-16 13:55:00+05:30,1561.7,1562.05,1561.05,1562.05,4,1561.38,1561.71,1562.05,1561.05,1561.11,1562.4801581416805,1559.7398418583193,1560.999,1562.034221930098,1559.963778069902
2023-10-16 14:00:00+05:30,1562.05,1562.05,1560.15,1562.0,110,1561.88,1561.56,1562.05,1560.15,1561.11,1562.4801581416805,1559.7398418583193,1560.95,1561.7925886040446,1560.1074113959555
2023-10-16 14:05:00+05:30,1562.0,1562.0,1561.0,1562.0,22,1562.02,1561.75,1562.0,1561.0,1561.295,1562.5863816889466,1560.0036183110535,1561.021,1562.005070909878,1560.036929090122
2023-10-16 14:10:00+05:30,1562.0,1562.0,1562.0,1562.0,15,1562.0,1562.0,1562.0,1562.0,1561.4099999999999,1562.729764288673,1560.0902357113266,1561.175,1562.246955637611,1560.1030443623888
2023-10-16 14:15:00+05:30,1562.0,1562.0,1560.4,1561.2,2446,1562.0,1561.4,1562.0,1560.4,1561.4,1562.7249737942448,1560.0750262057554,1561.2259999999999,1562.2861551249734,1560.1658448750263
2023-10-16 14:20:00+05:30,1561.2,1562.0,1561.0,1561.0,1076,1561.6,1561.3,1562.0,1561.0,1561.4950000000001,1562.4832082550934,1560.5067917449069,1561.29,1562.2727399340104,1560.3072600659896
2023-10-16 14:25:00+05:30,1561.0,1562.1,1561.0,1561.75,352,1561.1,1561.46,1562.1,1561.0,1561.58,1562.4833271831835,1560.6766728168163,1561.3899999999999,1562.1824645103245,1560.5975354896752
2023-10-16 14:30:00+05:30,1561.75,1561.75,1561.7,1561.7,8,1561.38,1561.72,1561.75,1561.7,1561.645,1562.4688797106712,1560.8211202893287,1561.486,1562.1635249073854,1560.8084750926148
2023-10-16 14:35:00+05:30,1561.7,1561.75,1561.05,1561.05,41,1561.72,1561.39,1561.75,1561.05,1561.645,1562.4688797106712,1560.8211202893287,1561.54,1562.0600000001243,1561.0199999998756
2023-10-16 14:40:00+05:30,1561.05,1561.05,1561.0,1561.0,239,1561.38,1561.02,1561.05,1561.0,1561.575,1562.4918181692321,1560.658181830768,1561.5310000000002,1562.0860135134653,1560.975986486535
2023-10-16 14:45:00+05:30,1561.0,1561.95,1561.0,1561.1,278,1561.02,1561.26,1561.95,1561.0,1561.48,1562.3746756084322,1560.5853243915678,1561.486,1562.0494181396864,1560.9225818603138
2023-10-16 14:50:00+05:30,1561.1,1562.65,1561.05,1561.05,36,1561.05,1561.46,1562.65,1561.05,1561.3849999999998,1562.2349019550586,1560.535098044941,1561.476,1562.037125852505,1560.9148741474953
2023-10-16 14:55:00+05:30,1561.7,1561.7,1561.0,1561.7,512,1561.07,1561.52,1561.7,1561.0,1561.355,1562.1259301740192,1560.5840698259808,1561.453,1561.982154461921,1560.923845538079
2023-10-16 15:00:00+05:30,1561.7,1561.7,1559.25,1561.6,934,1561.7,1561.06,1561.7,1559.25,1561.315,1561.969980915661,1560.6600190843392,1561.359,1561.7789947091085,1560.9390052908914
2023-10-16 15:05:00+05:30,1561.6,1562.5,1561.6,1562.0,71,1561.65,1561.92,1562.5,1561.6,1561.395,1562.171673819632,1560.618326180368,1561.4109999999998,1561.9619143915272,1560.8600856084724
2023-10-16 15:10:00+05:30,1562.0,1562.2,1560.4,1560.5,65,1561.8,1561.28,1562.2,1560.4,1561.345,1562.2824314789134,1560.4075685210867,1561.409,1561.9618471761032,1560.856152823897
2023-10-16 15:15:00+05:30,1560.5,1562.5,1560.5,1560.85,563,1561.25,1561.09,1562.5,1560.5,1561.2549999999999,1562.1924314789135,1560.3175685210863,1561.372,1561.9581967816277,1560.7858032183724
2023-10-16 15:20:00+05:30,1560.85,1561.85,1560.7,1560.7,359,1560.68,1561.02,1561.85,1560.7,1561.155,1562.0947990328273,1560.2152009671727,1561.3020000000001,1561.8704129955017,1560.7335870044985
2023-10-16 15:25:00+05:30,1560.7,1570.0,1560.7,1562.0,1199,1560.78,1563.35,1570.0,1560.7,1561.25,1562.3249676997175,1560.1750323002825,1561.498,1562.9168195406805,1560.0791804593196
2023-10-17 09:15:00+05:30,1569.4,1570.5,1560.1,1565.45,229,1561.35,1566.36,1570.5,1560.1,1561.6950000000002,1564.5388823229073,1558.851117677093,1562.032,1565.3712188042066,1558.6927811957933
2023-10-17 09:20:00+05:30,1569.7,1569.7,1566.05,1568.95,387,1567.43,1568.6,1569.7,1566.05,1562.48,1567.826483787384,1557.133516212616,1562.766,1568.0256341233285,1557.5063658766717
2023-10-17 09:25:00+05:30,1568.95,1569.2,1566.25,1568.5,155,1569.32,1568.22,1569.2,1566.25,1563.225,1569.6527609718296,1556.7972390281702,1563.442,1569.6141294722659,1557.2698705277342
2023-10-17 09:30:00+05:30,1568.5,1568.55,1566.0,1566.0,83,1568.72,1567.26,1568.55,1566.0,1563.655,1570.2035282485522,1557.1064717514478,1564.016,1570.4555458777247,1557.5764541222754
2023-10-17 09:35:00+05:30,1566.0,1566.95,1564.5,1564.5,75,1567.25,1565.49,1566.95,1564.5,1563.945,1570.3442100206782,1557.5457899793216,1564.459,1570.5972114659096,1558.3207885340905
2023-10-17 09:40:00+05:30,1564.5,1565.0,1561.7,1563.9,80,1565.25,1563.78,1565.0,1561.7,1564.1349999999998,1570.388718893575,1557.8812811064245,1564.645,1570.5495462710437,1558.7404537289563
2023-10-17 09:45:00+05:30,1563.9,1566.9,1563.3,1565.3,114,1564.2,1564.85,1566.9,1563.3,1564.615,1570.3434960213413,1558.8865039786588,1565.002,1570.413410167437,1559.590589832563
2023-10-17 09:50:00+05:30,1565.3,1567.0,1564.7,1564.7,15,1564.6,1565.42,1567.0,1564.7,1565.0,1570.0852728540222,1559.9147271459778,1565.435,1570.0961228976419,1560.773877102358
2023-10-17 09:55:00+05:30,1564.7,1568.95,1564.7,1566.1,55,1565.0,1566.11,1568.95,1564.7,1565.54,1569.649014480365,1561.430985519635,1565.944,1569.4245006026024,1562.4634993973975
2023-10-17 10:00:00+05:30,1566.1,1567.8,1565.0,1565.4,69,1565.4,1566.07,1567.8,1565.0,1565.8799999999999,1569.1677550597908,1562.592244940209,1566.216,1569.1827370778633,1563.2492629221365
2023-10-17 10:05:00+05:30,1566.35,1570.0,1565.75,1569.85,224,1565.75,1567.99,1570.0,1565.75,1566.32,1570.4274999154472,1562.2125000845526,1566.379,1569.5527877826303,1563.2052122173695
2023-10-17 10:10:00+05:30,1569.85,1570.3,1567.4,1568.1,59,1568.1,1568.91,1570.3,1567.4,1566.2350000000001,1570.1303105709674,1562.339689429033,1566.4099999999999,1569.6846568947087,1563.135343105291
2023-10-17 10:15:00+05:30,1568.0,1570.5,1568.0,1570.5,72,1568.98,1569.25,1570.5,1568.0,1566.435,1570.9957138817244,1561.8742861182754,1566.513,1570.0913925628167,1562.934607437183
2023-10-17 10:20:00+05:30,1570.5,1570.5,1568.0,1569.65,60,1569.25,1569.66,1570.5,1568.0,1566.8,1571.7716976756053,1561.8283023243946,1566.753,1570.8398684017998,1562.6661315982
2023-10-17 10:25:00+05:30,1569.65,1569.75,1565.05,1565.05,170,1570.08,1567.38,1569.75,1565.05,1566.855,1571.7247364747154,1561.9852635252846,1566.942,1570.9431864907344,1562.9408135092656
2023-10-17 10:30:00+05:30,1565.05,1568.95,1565.05,1566.3,76,1567.35,1566.34,1568.95,1565.05,1567.095,1571.5350825817966,1562.6549174182035,1567.1979999999999,1570.5796603417518,1563.816339658248
2023-10-17 10:35:00+05:30,1566.3,1567.75,1566.15,1567.65,9,1565.68,1566.96,1567.75,1566.15,1567.33,1571.5930714018905,1563.0669285981094,1567.409,1570.3776128448385,1564.4403871551617
2023-10-17 10:40:00+05:30,1567.65,1569.0,1566.2,1567.25,330,1566.98,1567.52,1569.0,1566.2,1567.5849999999998,1571.4338237741263,1563.7361762258734,1567.6190000000001,1570.2388973687048,1564.9991026312955
2023-10-17 10:45:00+05:30,1568.95,1569.1,1565.0,1568.1,1616,1567.45,1567.79,1569.1,1565.0,1567.785,1571.4962591453952,1564.073740854605,1567.787,1570.1827007790102,1565.3912992209898
2023-10-17 10:50:00+05:30,1568.1,1568.8,1566.2,1568.8,6,1568.52,1567.98,1568.8,1566.2,1568.125,1571.470062696614,1564.779937303386,1567.978,1570.047670934741,1565.908329065259
2023-10-17 10:55:00+05:30,1568.8,1569.5,1566.7,1569.5,40,1568.45,1568.62,1569.5,1566.7,1568.09,1571.3613571767098,1564.81864282329,1568.041,1570.1502694892104,1565.9317305107895
2023-10-17 11:00:00+05:30,1569.5,1569.5,1566.65,1569.2,109,1569.15,1568.71,1569.5,1566.65,1568.2,1571.5459760243298,1564.8540239756703,1568.0210000000002,1570.097181323783,1565.9448186762174
2023-10-17 11:05:00+05:30,1569.2,1579.8,1566.5,1578.8,2252,1569.35,1573.58,1579.8,1566.5,1569.03,1576.4946128127501,1561.5653871872498,1568.4540000000002,1572.5209857798725,1564.3870142201279
2023-10-17 11:10:00+05:30,1578.8,1579.8,1574.05,1578.75,509,1574.0,1577.85,1579.8,1574.05,1569.94,1579.6281141382303,1560.2518858617698,1569.2730000000001,1576.49452984718,1562.0514701528202
2023-10-17 11:15:00+05:30,1578.75,1579.0,1573.9,1575.6,354,1578.78,1576.81,1579.0,1573.9,1570.995,1580.6138992209105,1561.3761007790893,1570.216,1578.692609385071,1561.7393906149289
2023-10-17 11:20:00+05:30,1575.6,1575.95,1572.25,1575.35,124,1577.18,1574.79,1575.95,1572.25,1571.9,1581.2549749093926,1562.5450250906076,1571.061,1579.5049824727691,1562.6170175272307
2023-10-17 11:25:00+05:30,1575.35,1575.95,1572.7,1574.2,57,1575.48,1574.55,1575.95,1572.7,1572.5549999999998,1581.4954760002424,1563.6145239997572,1571.8200000000002,1579.9855373369094,1563.654462663091
2023-10-17 11:30:00+05:30,1574.2,1575.95,1572.1,1574.25,92,1574.78,1574.12,1575.95,1572.1,1573.2549999999999,1581.4111769366548,1565.098823063345,1572.48,1580.1528960200053,1564.8071039799947
2023-10-17 11:35:00+05:30,1574.0,1574.1,1571.7,1572.3,19,1574.22,1573.02,1574.1,1571.7,1573.675,1581.0461524803577,1566.3038475196422,1573.003,1579.9320117942561,1566.0739882057437
2023-10-17 11:40:00+05:30,1572.3,1574.95,1571.5,1572.2,421,1573.15,1572.74,1574.95,1571.5,1574.015,1580.6651545512377,1567.3648454487625,1573.4789999999998,1579.464095933554,1567.4939040664456
2023-10-17 11:45:00+05:30,1573.9,1574.0,1572.1,1573.85,16,1572.25,1573.46,1574.0,1572.1,1574.45,1580.3096549007041,1568.590345099296,1573.9630000000002,1578.8911959737907,1569.0348040262097
2023-10-17 11:50:00+05:30,1571.85,1578.45,1571.85,1578.45,173,1573.88,1575.15,1578.45,1571.85,1575.375,1580.4142349507313,1570.3357650492687,1574.607,1577.894255525425,1571.319744474575
2023-10-17 11:55:00+05:30,1575.05,1578.85,1575.05,1578.15,604,1575.15,1576.78,1578.85,1575.05,1575.31,1580.166336067426,1570.4536639325738,1574.9270000000001,1578.3883298665403,1571.46567013346
2023-10-17 12:00:00+05:30,1577.95,1578.2,1575.45,1578.15,51,1576.6,1577.44,1578.2,1575.45,1575.25,1579.9290312387413,1570.5709687612587,1574.886,1578.2000267551562,1571.5719732448438
2023-10-17 12:05:00+05:30,1578.15,1578.15,1572.2,1575.15,653,1578.05,1575.91,1578.15,1572.2,1575.2050000000002,1579.8777222615001,1570.5322777385002,1574.7959999999998,1577.921311717875,1571.6706882821247
2023-10-17 12:10:00+05:30,1575.15,1575.15,1572.8,1575.0,314,1576.65,1574.52,1575.15,1572.8,1575.17,1579.843138369662,1570.4968616303381,1574.769,1577.8992034013602,1571.6387965986398
2023-10-17 12:15:00+05:30,1575.05,1578.45,1575.05,1577.95,2527,1575.08,1576.62,1578.45,1575.05,1575.5449999999998,1580.4673865033812,1570.6226134966184,1574.976,1578.3090426540766,1571.6429573459236
2023-10-17 12:20:00+05:30,1577.95,1578.4,1575.55,1577.8,56,1576.5,1577.43,1578.4,1575.55,1575.9,1580.918410549589,1570.8815894504112,1575.307,1578.9088149746594,1571.7051850253406
2023-10-17 12:25:00+05:30,1577.8,1577.8,1576.0,1577.75,6,1577.88,1577.34,1577.8,1576.0,1576.4450000000002,1580.8750614492603,1572.01493855074,1575.739,1579.1530812983426,1572.3249187016575
2023-10-17 12:30:00+05:30,1575.9,1578.35,1575.9,1578.25,85,1577.78,1577.1,1578.35,1575.9,1577.05,1580.4319783821825,1573.6680216178174,1576.175,1578.9385122580863,1573.4114877419136
2023-10-17 12:35:00+05:30,1576.4,1578.95,1575.0,1576.0,876,1577.08,1576.59,1578.95,1575.0,1577.265,1579.9429137816578,1574.5870862183424,1576.4879999999998,1578.4885066026557,1574.487493397344
2023-10-17 12:40:00+05:30,1575.1,1575.1,1564.95,1564.95,3057,1576.2,1570.02,1575.1,1564.95,1575.915,1584.0298765993082,1567.8001234006917,1575.975,1580.517033318598,1571.432966681402
2023-10-17 12:45:00+05:30,1566.95,1570.7,1565.8,1570.7,85,1570.02,1568.54,1570.7,1565.8,1575.17,1583.7287122603425,1566.6112877396577,1575.151,1581.62347471138,1568.6785252886202
2023-10-17 12:50:00+05:30,1570.7,1572.7,1570.5,1572.7,37,1568.82,1571.65,1572.7,1570.5,1574.625,1583.03309794846,1566.21690205154,1574.5720000000001,1581.169109131236,1567.9748908687643
2023-10-17 12:55:00+05:30,1572.7,1572.7,1569.1,1570.3,36,1571.7,1571.2,1572.7,1569.1,1574.1399999999999,1582.9627987496917,1565.317201250308,1574.101,1580.9415941912544,1567.2604058087459
2023-10-17 13:00:00+05:30,1570.9,1572.3,1570.5,1572.05,266,1571.5,1571.44,1572.3,1570.5,1573.8449999999998,1582.7370001499355,1564.952999850064,1573.7930000000001,1580.8244408196701,1566.76155918033
2023-10-17 13:05:00+05:30,1572.05,1572.25,1568.05,1568.6,56,1571.48,1570.24,1572.25,1568.05,1572.91,1581.8497737977734,1563.9702262022267,1573.155,1580.20416228281,1566.1058377171898
2023-10-17 13:10:00+05:30,1570.1,1570.1,1566.0,1566.0,234,1570.32,1568.05,1570.1,1566.0,1571.73,1580.9128584269113,1562.5471415730888,1572.2169999999999,1579.2341539023569,1565.1998460976429
2023-10-17 13:15:00+05:30,1566.0,1568.45,1565.75,1566.15,18,1568.05,1566.59,1568.45,1565.75,1570.57,1579.2921556968338,1561.847844303166,1571.142,1577.9619954382845,1564.3220045617156
2023-10-17 13:20:00+05:30,1566.15,1566.15,1566.15,1566.15,0,1566.08,1566.15,1566.15,1566.15,1569.36,1576.573690687377,1562.1463093126229,1570.047,1576.0870445178978,1564.0069554821023
